DROP DATABASE IF EXISTS `entities`;
CREATE DATABASE IF NOT EXISTS `entities`;
USE `entities`;

DROP TABLE IF EXISTS `Club`;
CREATE TABLE `Club` (
  `clubId` INT AUTO_INCREMENT NOT NULL,
  `name` VARCHAR(255),
  `description` VARCHAR(255),
  PRIMARY KEY (`clubId`)
) ENGINE=InnoDB DEFAULT CHARSET=utf8mb4 COLLATE=utf8mb4_unicode_ci;

DROP TABLE IF EXISTS `Classroom`;
CREATE TABLE `Classroom` (
  `classroomId` INT AUTO_INCREMENT NOT NULL,
  `building` VARCHAR(255),
  `roomNumber` VARCHAR(255),
  `capacity` INT,
  PRIMARY KEY (`classroomId`)
) ENGINE=InnoDB DEFAULT CHARSET=utf8mb4 COLLATE=utf8mb4_unicode_ci;

DROP TABLE IF EXISTS `Department`;
CREATE TABLE `Department` (
  `departmentId` INT AUTO_INCREMENT NOT NULL,
  `name` VARCHAR(255),
  `building` VARCHAR(255),
  `budget` FLOAT,
  PRIMARY KEY (`departmentId`)
) ENGINE=InnoDB DEFAULT CHARSET=utf8mb4 COLLATE=utf8mb4_unicode_ci;

DROP TABLE IF EXISTS `Major`;
CREATE TABLE `Major` (
  `majorId` INT AUTO_INCREMENT NOT NULL,
  `name` VARCHAR(255),
  `departmentId` INT,
  PRIMARY KEY (`majorId`),
  CONSTRAINT `fk_Major_departmentId` FOREIGN KEY (`departmentId`) REFERENCES `Department`(`departmentId`)
) ENGINE=InnoDB DEFAULT CHARSET=utf8mb4 COLLATE=utf8mb4_unicode_ci;

DROP TABLE IF EXISTS `Professor`;
CREATE TABLE `Professor` (
  `professorId` INT AUTO_INCREMENT NOT NULL,
  `firstName` VARCHAR(255),
  `lastName` VARCHAR(255),
  `email` VARCHAR(255),
  `hireDate` DATE,
  `departmentId` INT,
  PRIMARY KEY (`professorId`),
  CONSTRAINT `fk_Professor_departmentId` FOREIGN KEY (`departmentId`) REFERENCES `Department`(`departmentId`)
) ENGINE=InnoDB DEFAULT CHARSET=utf8mb4 COLLATE=utf8mb4_unicode_ci;

DROP TABLE IF EXISTS `Course`;
CREATE TABLE `Course` (
  `courseId` VARCHAR(255) NOT NULL,
  `title` VARCHAR(255),
  `credits` INT,
  `departmentId` INT,
  PRIMARY KEY (`courseId`),
  CONSTRAINT `fk_Course_departmentId` FOREIGN KEY (`departmentId`) REFERENCES `Department`(`departmentId`)
) ENGINE=InnoDB DEFAULT CHARSET=utf8mb4 COLLATE=utf8mb4_unicode_ci;

DROP TABLE IF EXISTS `Student`;
CREATE TABLE `Student` (
  `studentId` INT AUTO_INCREMENT NOT NULL,
  `firstName` VARCHAR(255),
  `lastName` VARCHAR(255),
  `email` VARCHAR(255),
  `dateOfBirth` DATE,
  `enrollmentYear` INT,
  `majorId` INT,
  PRIMARY KEY (`studentId`),
  CONSTRAINT `fk_Student_majorId` FOREIGN KEY (`majorId`) REFERENCES `Major`(`majorId`)
) ENGINE=InnoDB DEFAULT CHARSET=utf8mb4 COLLATE=utf8mb4_unicode_ci;

DROP TABLE IF EXISTS `Schedule`;
CREATE TABLE `Schedule` (
  `scheduleId` INT AUTO_INCREMENT NOT NULL,
  `courseId` VARCHAR(255),
  `professorId` INT,
  `classroomId` INT,
  `dayOfWeek` VARCHAR(255),
  `startTime` TIME,
  `endTime` TIME,
  `semester` VARCHAR(255),
  PRIMARY KEY (`scheduleId`),
  CONSTRAINT `fk_Schedule_courseId` FOREIGN KEY (`courseId`) REFERENCES `Course`(`courseId`),
  CONSTRAINT `fk_Schedule_professorId` FOREIGN KEY (`professorId`) REFERENCES `Professor`(`professorId`),
  CONSTRAINT `fk_Schedule_classroomId` FOREIGN KEY (`classroomId`) REFERENCES `Classroom`(`classroomId`)
) ENGINE=InnoDB DEFAULT CHARSET=utf8mb4 COLLATE=utf8mb4_unicode_ci;

DROP TABLE IF EXISTS `ClubMembership`;
CREATE TABLE `ClubMembership` (
  `membershipId` INT AUTO_INCREMENT NOT NULL,
  `studentId` INT,
  `clubId` INT,
  `joinDate` DATE,
  PRIMARY KEY (`membershipId`),
  CONSTRAINT `fk_ClubMembership_studentId` FOREIGN KEY (`studentId`) REFERENCES `Student`(`studentId`),
  CONSTRAINT `fk_ClubMembership_clubId` FOREIGN KEY (`clubId`) REFERENCES `Club`(`clubId`)
) ENGINE=InnoDB DEFAULT CHARSET=utf8mb4 COLLATE=utf8mb4_unicode_ci;

DROP TABLE IF EXISTS `Submission`;
CREATE TABLE `Submission` (
  `submissionId` INT AUTO_INCREMENT NOT NULL,
  `studentId` INT,
  `courseId` VARCHAR(255),
  `title` VARCHAR(255),
  `submittedAt` DATETIME,
  PRIMARY KEY (`submissionId`),
  CONSTRAINT `fk_Submission_studentId` FOREIGN KEY (`studentId`) REFERENCES `Student`(`studentId`),
  CONSTRAINT `fk_Submission_courseId` FOREIGN KEY (`courseId`) REFERENCES `Course`(`courseId`)
) ENGINE=InnoDB DEFAULT CHARSET=utf8mb4 COLLATE=utf8mb4_unicode_ci;

DROP TABLE IF EXISTS `Enrollment`;
CREATE TABLE `Enrollment` (
  `enrollmentId` INT AUTO_INCREMENT NOT NULL,
  `studentId` INT,
  `scheduleId` INT,
  `grade` VARCHAR(255),
  PRIMARY KEY (`enrollmentId`),
  CONSTRAINT `fk_Enrollment_studentId` FOREIGN KEY (`studentId`) REFERENCES `Student`(`studentId`),
  CONSTRAINT `fk_Enrollment_scheduleId` FOREIGN KEY (`scheduleId`) REFERENCES `Schedule`(`scheduleId`)
) ENGINE=InnoDB DEFAULT CHARSET=utf8mb4 COLLATE=utf8mb4_unicode_ci;


INSERT INTO `Club` (`name`, `description`) VALUES
  (_binary 'Debate Team', _binary 'Will Republican style fall result.'),
  (_binary 'Chess Club', _binary 'Myself like exist eat yet pretty but.'),
  (_binary 'Coding Society', _binary 'Others animal can morning country.'),
  (_binary 'Chess Club', _binary 'Fund work office level charge return business change spring participant investment responsibility challenge eight pass.'),
  (_binary 'Volunteer Group', _binary 'Recognize culture baby also since Mr.'),
  (_binary 'Drama Club', _binary 'Three stand remember enough worker building.'),
  (_binary 'Volunteer Group', _binary 'Save civil write window experience.'),
  (_binary 'Robotics Club', _binary 'Maybe view tend would.');

INSERT INTO `Classroom` (`building`, `roomNumber`, `capacity`) VALUES
  (_binary 'Art Center', _binary '04B8', 69),
  (_binary 'Art Center', _binary 'Z82', 136),
  (_binary 'Art Center', _binary '80M', 34),
  (_binary 'Bio Hall', _binary 'AZFH', 104),
  (_binary 'Main Library', _binary '2OG', 40),
  (_binary 'Bio Hall', _binary '000', 57),
  (_binary 'Admin Block', _binary 'QG5', 132),
  (_binary 'Art Center', _binary '200', 79),
  (_binary 'Tech Tower', _binary 'GYQ8', 115),
  (_binary 'Bio Hall', _binary '3Z91', 125);

INSERT INTO `Department` (`name`, `building`, `budget`) VALUES
  (_binary 'Engineering', _binary 'Bio Hall', 1438637.0),
  (_binary 'Medicine', _binary 'Main Library', 946101.68),
  (_binary 'Arts', _binary 'Bio Hall', 1285163.46),
  (_binary 'Engineering', _binary 'Admin Block', 1054279.65),
  (_binary 'Arts', _binary 'Tech Tower', 1410714.87),
  (_binary 'Arts', _binary 'Art Center', 1012147.48);

INSERT INTO `Major` (`name`, `departmentId`) VALUES
  (_binary 'Biology', 6),
  (_binary 'Biology', 6),
  (_binary 'Biology', 3),
  (_binary 'Medicine', 3),
  (_binary 'Psychology', 6),
  (_binary 'Psychology', 1),
  (_binary 'History', 2),
  (_binary 'Law', 1),
  (_binary 'Medicine', 1),
  (_binary 'Computer Science', 4),
  (_binary 'Economics', 6),
  (_binary 'Economics', 1);

INSERT INTO `Professor` (`firstName`, `lastName`, `email`, `hireDate`, `departmentId`) VALUES
  (_binary 'John', _binary 'Nelson', _binary 'hectorscott@example.net', '2009-12-01', 3),
  (_binary 'Brittany', _binary 'Collier', _binary 'angelanguyen@example.com', '2021-04-04', 3),
  (_binary 'Nicholas', _binary 'Cole', _binary 'vherrera@example.org', '2010-08-09', 2),
  (_binary 'Angel', _binary 'Collins', _binary 'ryanwilson@example.org', '2010-03-15', 6),
  (_binary 'Mark', _binary 'Rios', _binary 'sarabanks@example.com', '2004-05-08', 2),
  (_binary 'Jeff', _binary 'Brown', _binary 'gbates@example.com', '2022-01-31', 5),
  (_binary 'Juan', _binary 'Olson', _binary 'brad67@example.net', '2007-12-08', 6),
  (_binary 'Jessica', _binary 'Joseph', _binary 'henrylauren@example.net', '2021-12-06', 6),
  (_binary 'Jeremy', _binary 'Gibbs', _binary 'parkergregory@example.com', '2023-09-13', 6),
  (_binary 'Christina', _binary 'Cook', _binary 'meyerheather@example.com', '2002-03-16', 2),
  (_binary 'Joseph', _binary 'Parker', _binary 'dtucker@example.org', '2009-03-21', 3),
  (_binary 'Timothy', _binary 'Moran', _binary 'reidashley@example.com', '2008-11-14', 4),
  (_binary 'Amy', _binary 'Allison', _binary 'william22@example.org', '2013-09-21', 4),
  (_binary 'Douglas', _binary 'Butler', _binary 'jhorton@example.com', '2002-04-11', 4),
  (_binary 'Luke', _binary 'Moreno', _binary 'briannaparks@example.net', '2001-12-22', 3),
  (_binary 'John', _binary 'Wells', _binary 'vegaedward@example.com', '2023-02-12', 5),
  (_binary 'Jonathan', _binary 'Hart', _binary 'stewartanthony@example.net', '2020-07-10', 3),
  (_binary 'Jacob', _binary 'Rubio', _binary 'adamperez@example.org', '2024-12-09', 1),
  (_binary 'Martha', _binary 'Collins', _binary 'amychoi@example.com', '2011-01-18', 1),
  (_binary 'Kari', _binary 'Martinez', _binary 'lindsey22@example.com', '2007-05-10', 3),
  (_binary 'Duane', _binary 'Gross', _binary 'madeline41@example.net', '2002-03-02', 4),
  (_binary 'Nicole', _binary 'Long', _binary 'morganmelissa@example.net', '2021-04-22', 2),
  (_binary 'Kara', _binary 'Castillo', _binary 'owalters@example.org', '2019-03-23', 6),
  (_binary 'Randy', _binary 'Brandt', _binary 'laurathompson@example.net', '2020-11-17', 4),
  (_binary 'Vanessa', _binary 'Hicks', _binary 'denisewright@example.org', '2016-03-22', 1),
  (_binary 'Jose', _binary 'Wallace', _binary 'holmesaaron@example.com', '2008-06-15', 4),
  (_binary 'Thomas', _binary 'Floyd', _binary 'williamarmstrong@example.com', '2009-06-01', 2),
  (_binary 'Thomas', _binary 'Coleman', _binary 'kathy98@example.org', '2002-05-31', 6),
  (_binary 'Timothy', _binary 'Fleming', _binary 'jennifer49@example.org', '2005-06-23', 2),
  (_binary 'Shelley', _binary 'Rodriguez', _binary 'peter60@example.org', '2020-11-08', 2);

INSERT INTO `Course` (`courseId`, `title`, `credits`, `departmentId`) VALUES
  (_binary 'SSZ287', _binary 'Against expert behind must woman analysis.', 3, 3),
  (_binary 'ZCZ076', _binary 'Now again around raise admit break mission girl point.', 2, 3),
  (_binary 'AAA000', _binary 'Mouth nice near practice great walk.', 5, 5),
  (_binary 'PJM197', _binary 'In of activity entire view family soldier rather small.', 1, 5),
  (_binary 'DZF549', _binary 'Style standard program employee.', 4, 6),
  (_binary 'BND470', _binary 'Upon building under prove already point rise every perform dog sometimes.', 5, 1),
  (_binary 'TLX721', _binary 'Tend their pass through capital war.', 5, 1),
  (_binary 'RZN008', _binary 'Take word institution way vote five church long ready best good call sea seem financial.', 3, 6),
  (_binary 'PAA000', _binary 'Some difference speech imagine side market around tree step.', 1, 6),
  (_binary 'SDL076', _binary 'Along small sort include cultural although song from.', 3, 6),
  (_binary 'TAA000', _binary 'Price nation feel cultural stock budget officer.', 2, 2),
  (_binary 'AZD699', _binary 'Rule girl car become least space sort family case debate.', 2, 5),
  (_binary 'SXN488', _binary 'Kitchen decide protect why everyone central.', 4, 4),
  (_binary 'UDY341', _binary 'Instead both matter artist able nor wonder.', 1, 3),
  (_binary 'YYR568', _binary 'Daughter debate series someone address prevent when.', 1, 2),
  (_binary 'TBU114', _binary 'Line sell push crime light data north cold.', 1, 3),
  (_binary 'QGK900', _binary 'After identify popular full seven top situation score.', 3, 4),
  (_binary 'ZDL442', _binary 'Result not week civil break factor majority interest issue once assume check official special card.', 5, 6),
  (_binary 'XWG797', _binary 'Him others physical four movie door night their national clearly.', 4, 2),
  (_binary 'WAA000', _binary 'Wish former reveal single.', 4, 5),
  (_binary 'EEZ194', _binary 'Fast believe condition develop three game floor.', 2, 4),
  (_binary 'UTX640', _binary 'Chair any report of.', 4, 6),
  (_binary 'WFP417', _binary 'Play above realize will add form room.', 1, 1),
  (_binary 'ZTA230', _binary 'Area treat worker western interest building customer maintain training beat side animal write blood fly.', 4, 1),
  (_binary 'NYT358', _binary 'Hundred campaign now since deal like.', 4, 5),
  (_binary 'URZ029', _binary 'Customer huge language arm drop.', 4, 2),
  (_binary 'ZUP320', _binary 'Rich off through charge even season billion when.', 2, 5),
  (_binary 'KEF076', _binary 'Office capital truth move place only question in difference color.', 1, 5),
  (_binary 'DZN842', _binary 'Present will program interest.', 5, 5),
  (_binary 'QTN778', _binary 'Party a couple coach well measure against fill old end.', 1, 1),
  (_binary 'DCO642', _binary 'Institution usually evidence think improve nor.', 5, 3),
  (_binary 'JNZ633', _binary 'Suffer course whom pull assume remain physical stay difficult bar.', 5, 5),
  (_binary 'JAA000', _binary 'High by series call fight when person sort inside per until partner necessary force.', 3, 3),
  (_binary 'WEK598', _binary 'Several about film send Mrs reduce machine.', 4, 5),
  (_binary 'JOA686', _binary 'Science now tough boy if no impact letter.', 4, 1),
  (_binary 'YZP495', _binary 'Toward consider standard the practice behavior.', 2, 2),
  (_binary 'ARZ860', _binary 'Actually research citizen open study seek meeting conference owner decade well.', 2, 4),
  (_binary 'YBZ320', _binary 'To type kitchen Congress outside first glass industry accept.', 3, 5),
  (_binary 'XHR657', _binary 'Range answer our six language star task record research state power boy.', 3, 4),
  (_binary 'XAA000', _binary 'Degree mean measure open edge letter majority.', 2, 5);

INSERT INTO `Student` (`firstName`, `lastName`, `email`, `dateOfBirth`, `enrollmentYear`, `majorId`) VALUES
  (_binary 'Caroline', _binary 'Finley', _binary 'fgrimes@example.net', '1998-02-25', 2015, 2),
  (_binary 'Ryan', _binary 'Miles', _binary 'clinepatricia@example.org', '1996-07-25', 2016, 4),
  (_binary 'Kevin', _binary 'Yates', _binary 'jacobrobinson@example.org', '1998-03-06', 2017, 2),
  (_binary 'Andrea', _binary 'Tran', _binary 'hallchris@example.net', '1999-04-20', 2021, 3),
  (_binary 'Lisa', _binary 'Baker', _binary 'ashley11@example.org', '1998-10-10', 2025, 10),
  (_binary 'Maria', _binary 'Wade', _binary 'patelrenee@example.com', '2005-07-16', 2015, 3),
  (_binary 'Edwin', _binary 'Perkins', _binary 'jacksonmonica@example.com', '1996-12-03', 2023, 2),
  (_binary 'Jeffrey', _binary 'Castillo', _binary 'scottandrew@example.org', '1995-10-24', 2024, 8),
  (_binary 'Christine', _binary 'Nelson', _binary 'stewartrichard@example.org', '2005-06-05', 2021, 12),
  (_binary 'Melinda', _binary 'Newton', _binary 'samanthaburton@example.org', '2003-10-10', 2022, 4),
  (_binary 'Crystal', _binary 'Fox', _binary 'ygood@example.com', '2004-04-30', 2024, 9),
  (_binary 'Jamie', _binary 'Gray', _binary 'xlynn@example.org', '2002-05-25', 2025, 9),
  (_binary 'Crystal', _binary 'Francis', _binary 'goodmanbianca@example.net', '2005-10-25', 2019, 6),
  (_binary 'Penny', _binary 'Pollard', _binary 'philipandrews@example.net', '2004-05-17', 2020, 11),
  (_binary 'Claudia', _binary 'Case', _binary 'dmcconnell@example.com', '1997-07-16', 2018, 12),
  (_binary 'Grace', _binary 'Anderson', _binary 'thomas94@example.net', '2001-03-25', 2020, 9),
  (_binary 'Christopher', _binary 'Jones', _binary 'pcampbell@example.org', '2003-07-30', 2024, 9),
  (_binary 'Mackenzie', _binary 'Clark', _binary 'saramitchell@example.org', '1997-08-26', 2022, 7),
  (_binary 'Laurie', _binary 'Hamilton', _binary 'bakermary@example.org', '1999-06-27', 2023, 3),
  (_binary 'Gregory', _binary 'Aguilar', _binary 'chaseemily@example.com', '1995-10-21', 2023, 12),
  (_binary 'William', _binary 'Jones', _binary 'christopherdecker@example.org', '2003-02-23', 2016, 11),
  (_binary 'Katelyn', _binary 'Warner', _binary 'bartlettchristina@example.org', '1996-12-21', 2018, 10),
  (_binary 'Jermaine', _binary 'Payne', _binary 'ethanhill@example.net', '1998-11-16', 2017, 1),
  (_binary 'Molly', _binary 'Franklin', _binary 'luis61@example.net', '2001-12-07', 2025, 11),
  (_binary 'Holly', _binary 'Gentry', _binary 'christophermiller@example.net', '2004-08-04', 2016, 2),
  (_binary 'Kelly', _binary 'Jones', _binary 'ruizmichael@example.net', '1995-05-02', 2021, 8),
  (_binary 'David', _binary 'Robertson', _binary 'isanders@example.org', '2003-04-23', 2023, 9),
  (_binary 'Ian', _binary 'Miller', _binary 'wheelermichael@example.com', '2003-06-30', 2018, 4),
  (_binary 'Margaret', _binary 'Brown', _binary 'kenneth98@example.net', '2000-12-05', 2021, 1),
  (_binary 'Alicia', _binary 'Smith', _binary 'clintonelliott@example.net', '1995-04-28', 2015, 4),
  (_binary 'Robert', _binary 'Baker', _binary 'chall@example.com', '1998-05-21', 2018, 3),
  (_binary 'Kim', _binary 'Jones', _binary 'jirwin@example.org', '2005-07-25', 2025, 10),
  (_binary 'James', _binary 'Taylor', _binary 'kennethholmes@example.com', '2001-09-30', 2016, 2),
  (_binary 'Daniel', _binary 'Wells', _binary 'sellerskara@example.org', '2004-01-17', 2019, 3),
  (_binary 'Jennifer', _binary 'Hawkins', _binary 'scottcook@example.net', '2001-05-26', 2021, 8),
  (_binary 'Patricia', _binary 'Parker', _binary 'srobinson@example.com', '2001-09-13', 2018, 11),
  (_binary 'Sara', _binary 'Thompson', _binary 'johnsonrobert@example.com', '1997-06-23', 2016, 8),
  (_binary 'Patrick', _binary 'Ramirez', _binary 'billy09@example.com', '1999-04-12', 2017, 3),
  (_binary 'Scott', _binary 'Davis', _binary 'jacksongeorge@example.net', '2000-03-09', 2017, 5),
  (_binary 'Kristen', _binary 'Mccann', _binary 'martineztravis@example.org', '2004-02-04', 2024, 7),
  (_binary 'Marie', _binary 'Ryan', _binary 'richardcollins@example.net', '1998-09-05', 2021, 11),
  (_binary 'Yvonne', _binary 'Gates', _binary 'pvillegas@example.net', '2000-09-21', 2023, 4),
  (_binary 'John', _binary 'Cooley', _binary 'smithcourtney@example.net', '1995-05-29', 2024, 8),
  (_binary 'Tracy', _binary 'Ryan', _binary 'allisonamanda@example.com', '1995-02-08', 2017, 12),
  (_binary 'Tiffany', _binary 'Dawson', _binary 'amy53@example.com', '1999-04-12', 2015, 7),
  (_binary 'Michelle', _binary 'Powers', _binary 'bwilcox@example.org', '2003-03-02', 2024, 1),
  (_binary 'Daniel', _binary 'Anderson', _binary 'robertolarson@example.org', '1995-02-18', 2017, 9),
  (_binary 'Trevor', _binary 'Rivera', _binary 'austinward@example.com', '2004-01-04', 2020, 4),
  (_binary 'Dana', _binary 'Williams', _binary 'johnsonchristopher@example.com', '2003-07-06', 2015, 2),
  (_binary 'Joseph', _binary 'Phelps', _binary 'judyalvarez@example.net', '2004-01-28', 2015, 9),
  (_binary 'Christy', _binary 'Webb', _binary 'ashley80@example.org', '1996-04-15', 2025, 8),
  (_binary 'Bradley', _binary 'Dalton', _binary 'jmarquez@example.net', '2000-10-09', 2017, 4),
  (_binary 'Dylan', _binary 'Garrison', _binary 'melindamiller@example.com', '2001-02-15', 2015, 6),
  (_binary 'Charles', _binary 'Ramirez', _binary 'jeanettetaylor@example.org', '1998-04-17', 2019, 3),
  (_binary 'Jason', _binary 'Pham', _binary 'mendozahannah@example.com', '2001-07-05', 2024, 11),
  (_binary 'Margaret', _binary 'Blankenship', _binary 'zstephens@example.com', '2002-11-14', 2017, 3),
  (_binary 'Benjamin', _binary 'Hansen', _binary 'carolbeck@example.com', '2003-10-29', 2017, 10),
  (_binary 'Kimberly', _binary 'Pratt', _binary 'lindsey48@example.com', '2003-08-04', 2022, 6),
  (_binary 'Stephanie', _binary 'Bowers', _binary 'jose72@example.net', '2001-10-25', 2020, 4),
  (_binary 'Shelly', _binary 'Schwartz', _binary 'nicholasrodriguez@example.com', '1996-06-09', 2023, 2),
  (_binary 'Claudia', _binary 'Green', _binary 'jeffrey72@example.net', '2004-09-10', 2023, 12),
  (_binary 'Barbara', _binary 'Leonard', _binary 'umcfarland@example.org', '2004-02-24', 2016, 2),
  (_binary 'Elizabeth', _binary 'Adams', _binary 'sheila65@example.net', '2005-04-19', 2019, 11),
  (_binary 'John', _binary 'Jensen', _binary 'ymendoza@example.com', '1996-11-04', 2018, 6),
  (_binary 'Kristi', _binary 'Costa', _binary 'kathleen56@example.org', '1997-10-28', 2018, 9),
  (_binary 'Beverly', _binary 'Moore', _binary 'deborahterry@example.net', '1996-10-14', 2024, 1),
  (_binary 'Michelle', _binary 'Clark', _binary 'tarathompson@example.org', '1998-05-12', 2021, 1),
  (_binary 'Julian', _binary 'Ramirez', _binary 'johndavis@example.com', '1996-11-12', 2022, 11),
  (_binary 'Alan', _binary 'Arias', _binary 'amber41@example.net', '2005-02-10', 2021, 10),
  (_binary 'Benjamin', _binary 'Pena', _binary 'lwallace@example.org', '2005-08-27', 2022, 3),
  (_binary 'Danielle', _binary 'Sullivan', _binary 'smithjeffrey@example.org', '1996-12-24', 2021, 7),
  (_binary 'Paul', _binary 'Ortega', _binary 'chad17@example.com', '2000-02-29', 2019, 2),
  (_binary 'Kristen', _binary 'Browning', _binary 'fmiller@example.net', '2005-12-25', 2019, 5),
  (_binary 'Michael', _binary 'Moore', _binary 'williamsshelby@example.net', '2005-11-02', 2017, 1),
  (_binary 'Elizabeth', _binary 'Mullen', _binary 'lindseymichelle@example.net', '1995-05-22', 2020, 6),
  (_binary 'Brian', _binary 'Pierce', _binary 'dcarroll@example.org', '2000-01-23', 2025, 8),
  (_binary 'Pamela', _binary 'Munoz', _binary 'ujones@example.org', '2000-06-13', 2017, 9),
  (_binary 'Debbie', _binary 'Morgan', _binary 'hoganjessica@example.com', '1998-02-24', 2022, 8),
  (_binary 'Jeffrey', _binary 'Garner', _binary 'adamstonya@example.com', '1997-03-18', 2025, 1),
  (_binary 'Samuel', _binary 'Forbes', _binary 'phubbard@example.com', '1996-07-10', 2015, 10),
  (_binary 'Margaret', _binary 'Hansen', _binary 'david13@example.com', '2005-06-21', 2016, 2),
  (_binary 'Jaclyn', _binary 'Ross', _binary 'peter21@example.net', '2001-06-21', 2023, 12),
  (_binary 'Isabel', _binary 'Padilla', _binary 'julierichards@example.com', '1996-10-17', 2025, 12),
  (_binary 'David', _binary 'Lawrence', _binary 'jonesjamie@example.net', '2005-01-29', 2015, 4),
  (_binary 'Denise', _binary 'Porter', _binary 'joel48@example.org', '2000-11-08', 2017, 9),
  (_binary 'Barry', _binary 'Keller', _binary 'alyssa07@example.org', '2001-06-17', 2019, 10),
  (_binary 'Regina', _binary 'Bishop', _binary 'perezemily@example.com', '1996-09-28', 2016, 5),
  (_binary 'Noah', _binary 'Figueroa', _binary 'kmartin@example.org', '1996-02-15', 2015, 7),
  (_binary 'Jonathan', _binary 'Wheeler', _binary 'halledgar@example.org', '2003-11-19', 2023, 7),
  (_binary 'Aaron', _binary 'Dean', _binary 'allenamy@example.org', '1995-12-17', 2020, 8),
  (_binary 'Joseph', _binary 'Golden', _binary 'jeffrey35@example.org', '1995-02-03', 2018, 6),
  (_binary 'Scott', _binary 'Ellis', _binary 'jtapia@example.org', '1995-05-15', 2022, 1),
  (_binary 'Tyler', _binary 'Romero', _binary 'erin61@example.com', '1997-01-15', 2019, 9),
  (_binary 'Alex', _binary 'Greer', _binary 'perezkenneth@example.net', '2003-11-28', 2021, 4),
  (_binary 'Justin', _binary 'Perez', _binary 'zmeza@example.com', '2000-10-26', 2017, 6),
  (_binary 'Samuel', _binary 'Young', _binary 'shelly69@example.org', '2000-03-05', 2017, 12),
  (_binary 'James', _binary 'Brown', _binary 'wilsonedwin@example.net', '1996-01-06', 2019, 1),
  (_binary 'Zachary', _binary 'Walters', _binary 'smartinez@example.net', '2005-08-23', 2019, 3),
  (_binary 'Bridget', _binary 'Mcintyre', _binary 'gutierrezjoshua@example.net', '2001-07-05', 2015, 5),
  (_binary 'Bobby', _binary 'Moore', _binary 'armstrongterri@example.net', '1996-03-31', 2016, 10);

INSERT INTO `Schedule` (`courseId`, `professorId`, `classroomId`, `dayOfWeek`, `startTime`, `endTime`, `semester`) VALUES
  (_binary 'DCO642', 25, 2, _binary 'Thursday', '12:07:35', '12:26:38', _binary 'Spring 2025'),
  (_binary 'AAA000', 15, 2, _binary 'Friday', '14:15:28', '12:00:26', _binary 'Spring 2025'),
  (_binary 'JAA000', 30, 6, _binary 'Thursday', '13:51:41', '09:02:01', _binary 'Spring 2025'),
  (_binary 'JAA000', 28, 7, _binary 'Thursday', '12:13:32', '09:53:50', _binary 'Spring 2025'),
  (_binary 'JAA000', 3, 9, _binary 'Monday', '13:51:29', '12:37:20', _binary 'Fall 2025'),
  (_binary 'TLX721', 1, 1, _binary 'Tuesday', '15:57:20', '16:37:12', _binary 'Fall 2025'),
  (_binary 'DCO642', 28, 3, _binary 'Friday', '10:07:58', '10:22:17', _binary 'Spring 2025'),
  (_binary 'ZCZ076', 28, 2, _binary 'Wednesday', '10:25:10', '11:21:22', _binary 'Fall 2025'),
  (_binary 'SSZ287', 13, 3, _binary 'Monday', '10:48:26', '14:23:03', _binary 'Fall 2025'),
  (_binary 'WAA000', 26, 8, _binary 'Monday', '14:45:22', '16:15:12', _binary 'Fall 2025'),
  (_binary 'TBU114', 22, 9, _binary 'Tuesday', '11:25:23', '15:34:22', _binary 'Fall 2025'),
  (_binary 'SXN488', 30, 6, _binary 'Tuesday', '09:07:03', '17:36:25', _binary 'Spring 2025'),
  (_binary 'YYR568', 18, 4, _binary 'Monday', '13:21:08', '09:55:08', _binary 'Fall 2025'),
  (_binary 'DZF549', 9, 9, _binary 'Thursday', '12:36:54', '16:36:21', _binary 'Spring 2025'),
  (_binary 'SXN488', 12, 1, _binary 'Wednesday', '11:47:59', '10:59:42', _binary 'Spring 2025'),
  (_binary 'SSZ287', 19, 6, _binary 'Monday', '08:32:04', '09:10:31', _binary 'Spring 2025'),
  (_binary 'UTX640', 18, 4, _binary 'Monday', '12:41:34', '14:05:21', _binary 'Spring 2025'),
  (_binary 'DZN842', 2, 10, _binary 'Thursday', '08:48:20', '10:25:23', _binary 'Fall 2025'),
  (_binary 'NYT358', 24, 3, _binary 'Thursday', '15:48:48', '11:55:13', _binary 'Fall 2025'),
  (_binary 'TAA000', 26, 5, _binary 'Thursday', '10:26:33', '11:19:42', _binary 'Fall 2025'),
  (_binary 'TLX721', 8, 3, _binary 'Monday', '08:32:33', '15:42:09', _binary 'Fall 2025'),
  (_binary 'ZCZ076', 18, 9, _binary 'Wednesday', '08:32:47', '14:38:43', _binary 'Spring 2025'),
  (_binary 'TLX721', 4, 9, _binary 'Thursday', '11:51:15', '16:20:55', _binary 'Fall 2025'),
  (_binary 'EEZ194', 25, 8, _binary 'Thursday', '10:21:03', '11:19:15', _binary 'Spring 2025'),
  (_binary 'DZF549', 20, 8, _binary 'Friday', '10:39:20', '09:39:23', _binary 'Fall 2025'),
  (_binary 'ZTA230', 15, 10, _binary 'Friday', '09:42:26', '15:30:39', _binary 'Spring 2025'),
  (_binary 'YYR568', 5, 4, _binary 'Wednesday', '09:30:47', '12:06:33', _binary 'Spring 2025'),
  (_binary 'YBZ320', 19, 9, _binary 'Tuesday', '10:24:29', '15:18:18', _binary 'Spring 2025'),
  (_binary 'XHR657', 14, 1, _binary 'Friday', '08:17:16', '15:47:54', _binary 'Fall 2025'),
  (_binary 'JAA000', 17, 10, _binary 'Friday', '15:32:22', '16:41:15', _binary 'Spring 2025'),
  (_binary 'WAA000', 16, 9, _binary 'Wednesday', '09:12:46', '10:16:03', _binary 'Fall 2025'),
  (_binary 'DZN842', 20, 9, _binary 'Monday', '13:24:24', '11:02:00', _binary 'Fall 2025'),
  (_binary 'ZDL442', 6, 7, _binary 'Monday', '15:38:55', '14:14:45', _binary 'Spring 2025'),
  (_binary 'ARZ860', 10, 9, _binary 'Monday', '11:52:45', '16:15:47', _binary 'Fall 2025'),
  (_binary 'BND470', 2, 6, _binary 'Friday', '13:15:39', '13:57:52', _binary 'Fall 2025'),
  (_binary 'AAA000', 3, 8, _binary 'Friday', '11:14:49', '11:56:02', _binary 'Fall 2025'),
  (_binary 'URZ029', 11, 8, _binary 'Friday', '13:31:10', '15:28:24', _binary 'Fall 2025'),
  (_binary 'DCO642', 2, 1, _binary 'Thursday', '12:57:21', '14:55:50', _binary 'Fall 2025'),
  (_binary 'NYT358', 9, 10, _binary 'Thursday', '08:18:08', '14:44:50', _binary 'Fall 2025'),
  (_binary 'AAA000', 5, 2, _binary 'Tuesday', '12:05:17', '15:43:24', _binary 'Spring 2025'),
  (_binary 'YZP495', 1, 9, _binary 'Tuesday', '10:57:58', '14:37:48', _binary 'Fall 2025'),
  (_binary 'NYT358', 7, 10, _binary 'Thursday', '08:41:56', '13:00:47', _binary 'Spring 2025'),
  (_binary 'ARZ860', 10, 3, _binary 'Wednesday', '14:11:36', '15:43:59', _binary 'Spring 2025'),
  (_binary 'XAA000', 20, 3, _binary 'Monday', '14:06:24', '12:11:34', _binary 'Spring 2025'),
  (_binary 'QTN778', 24, 1, _binary 'Wednesday', '13:52:30', '13:27:09', _binary 'Fall 2025'),
  (_binary 'ZCZ076', 17, 1, _binary 'Wednesday', '08:33:42', '14:23:36', _binary 'Fall 2025'),
  (_binary 'SDL076', 30, 10, _binary 'Monday', '11:02:32', '10:55:14', _binary 'Fall 2025'),
  (_binary 'AAA000', 1, 3, _binary 'Wednesday', '14:37:04', '17:56:47', _binary 'Spring 2025'),
  (_binary 'ARZ860', 10, 10, _binary 'Wednesday', '14:51:17', '11:33:01', _binary 'Fall 2025'),
  (_binary 'JOA686', 12, 7, _binary 'Wednesday', '13:32:57', '17:12:52', _binary 'Spring 2025');

INSERT INTO `ClubMembership` (`studentId`, `clubId`, `joinDate`) VALUES
  (38, 8, '2024-05-16'),
  (48, 4, '2020-06-14'),
  (82, 8, '2021-11-15'),
  (32, 4, '2020-12-16'),
  (19, 3, '2024-12-25'),
  (39, 3, '2020-08-28'),
  (54, 5, '2021-12-21'),
  (15, 5, '2021-10-18'),
  (25, 3, '2020-03-11'),
  (13, 5, '2024-08-20'),
  (74, 2, '2021-11-25'),
  (67, 3, '2022-01-04'),
  (66, 4, '2022-11-02'),
  (49, 8, '2020-04-30'),
  (46, 7, '2024-09-20'),
  (27, 7, '2021-04-28'),
  (5, 6, '2021-11-29'),
  (63, 8, '2020-05-31'),
  (4, 4, '2020-11-18'),
  (21, 4, '2024-02-22'),
  (10, 1, '2024-09-27'),
  (70, 2, '2022-07-28'),
  (2, 5, '2023-03-07'),
  (52, 5, '2023-02-25'),
  (82, 3, '2021-04-12'),
  (83, 6, '2022-03-27'),
  (12, 2, '2022-09-21'),
  (39, 8, '2022-04-01'),
  (75, 1, '2020-09-19'),
  (35, 1, '2021-01-17'),
  (12, 7, '2024-10-01'),
  (95, 6, '2022-06-02'),
  (97, 8, '2020-08-11'),
  (87, 3, '2023-03-05'),
  (23, 5, '2021-11-27'),
  (57, 5, '2021-11-06'),
  (54, 6, '2021-08-27'),
  (87, 3, '2021-11-18'),
  (10, 4, '2024-07-20'),
  (47, 5, '2022-09-24'),
  (99, 7, '2024-12-01'),
  (98, 4, '2020-06-01'),
  (93, 7, '2022-04-06'),
  (48, 7, '2024-05-15'),
  (90, 8, '2022-09-14'),
  (25, 1, '2022-06-04'),
  (9, 6, '2024-09-08'),
  (95, 8, '2020-07-14'),
  (29, 7, '2022-10-30'),
  (68, 6, '2023-02-06'),
  (24, 5, '2022-07-06'),
  (9, 1, '2022-03-17'),
  (43, 7, '2022-12-02'),
  (36, 6, '2022-12-19'),
  (22, 2, '2022-11-20'),
  (84, 1, '2021-02-03'),
  (37, 4, '2023-03-29'),
  (16, 4, '2021-05-15'),
  (45, 2, '2021-10-11'),
  (16, 8, '2021-03-01'),
  (64, 8, '2023-09-20'),
  (81, 3, '2022-04-09'),
  (96, 4, '2023-09-26'),
  (70, 6, '2021-05-04'),
  (83, 5, '2024-05-06'),
  (4, 1, '2022-04-08'),
  (62, 7, '2024-03-03'),
  (28, 3, '2023-06-21'),
  (37, 3, '2024-09-23'),
  (92, 6, '2023-01-23'),
  (13, 8, '2024-10-05'),
  (36, 7, '2023-06-23'),
  (55, 2, '2022-05-10'),
  (50, 2, '2024-11-26'),
  (86, 2, '2021-01-04'),
  (30, 1, '2024-06-17'),
  (23, 6, '2020-04-02'),
  (53, 3, '2023-07-01'),
  (69, 7, '2020-07-22'),
  (97, 8, '2024-04-10'),
  (7, 6, '2024-09-05'),
  (20, 2, '2020-04-12'),
  (91, 4, '2024-09-22'),
  (45, 7, '2020-08-31'),
  (98, 2, '2023-07-01'),
  (18, 5, '2023-12-02'),
  (68, 2, '2021-01-02'),
  (11, 5, '2020-08-11'),
  (61, 8, '2020-02-13'),
  (44, 3, '2022-07-24'),
  (80, 1, '2020-07-08'),
  (89, 2, '2022-05-09'),
  (78, 1, '2023-05-25'),
  (26, 2, '2020-02-29'),
  (58, 8, '2024-01-26'),
  (80, 1, '2020-08-15'),
  (40, 4, '2020-05-19'),
  (40, 5, '2022-03-24'),
  (38, 5, '2020-01-18'),
  (27, 4, '2024-12-22');

INSERT INTO `ClubMembership` (`studentId`, `clubId`, `joinDate`) VALUES
  (63, 7, '2023-12-03'),
  (69, 8, '2023-02-22'),
  (35, 6, '2022-05-08'),
  (79, 7, '2021-12-20'),
  (72, 3, '2020-06-26'),
  (76, 4, '2023-03-17'),
  (78, 4, '2024-06-30'),
  (62, 6, '2021-01-26'),
  (75, 2, '2020-03-27'),
  (94, 1, '2023-06-01'),
  (26, 1, '2020-09-17'),
  (8, 2, '2022-07-29'),
  (66, 3, '2022-08-07'),
  (55, 4, '2021-11-04'),
  (24, 6, '2020-07-18'),
  (94, 5, '2023-06-06'),
  (74, 1, '2022-08-06'),
  (5, 8, '2020-10-15'),
  (61, 1, '2020-07-07'),
  (81, 2, '2023-01-20'),
  (89, 4, '2020-12-01'),
  (19, 4, '2023-09-05'),
  (90, 6, '2020-06-03'),
  (49, 1, '2024-10-14'),
  (2, 4, '2024-03-11'),
  (58, 2, '2022-04-19'),
  (20, 3, '2024-05-15'),
  (31, 2, '2023-04-15'),
  (51, 2, '2023-01-19'),
  (1, 7, '2022-03-17'),
  (64, 2, '2024-02-21'),
  (46, 3, '2022-10-31'),
  (33, 8, '2023-11-11'),
  (73, 5, '2024-03-18'),
  (53, 7, '2022-11-01'),
  (7, 1, '2021-09-03'),
  (96, 5, '2023-07-11'),
  (77, 5, '2022-07-23'),
  (56, 5, '2024-12-02'),
  (71, 3, '2024-01-06'),
  (77, 7, '2020-02-14'),
  (65, 3, '2023-02-17'),
  (1, 6, '2022-11-07'),
  (72, 7, '2021-09-11'),
  (51, 7, '2024-07-24'),
  (41, 1, '2024-03-31'),
  (3, 1, '2021-12-09'),
  (93, 7, '2021-01-25'),
  (67, 4, '2024-02-02'),
  (14, 2, '2021-04-01'),
  (59, 6, '2022-10-08'),
  (100, 1, '2022-09-08'),
  (50, 4, '2024-10-12'),
  (60, 6, '2023-05-26'),
  (65, 2, '2022-10-08'),
  (56, 6, '2021-04-15'),
  (43, 6, '2024-08-19'),
  (3, 8, '2021-07-02'),
  (73, 2, '2021-01-01'),
  (88, 7, '2022-08-20'),
  (79, 3, '2021-01-18'),
  (85, 6, '2020-05-26'),
  (33, 2, '2023-02-21'),
  (17, 5, '2022-08-13'),
  (88, 5, '2023-01-07'),
  (52, 4, '2024-03-28'),
  (85, 3, '2021-09-30'),
  (71, 3, '2020-01-15'),
  (34, 2, '2020-07-30'),
  (92, 7, '2023-09-18'),
  (100, 4, '2022-11-15'),
  (21, 5, '2022-09-24'),
  (11, 8, '2021-12-10'),
  (6, 6, '2023-09-07'),
  (86, 2, '2024-03-13'),
  (15, 2, '2022-08-10'),
  (34, 5, '2023-02-25'),
  (42, 7, '2020-02-27'),
  (17, 8, '2024-02-19'),
  (57, 4, '2020-05-14'),
  (99, 1, '2021-01-07'),
  (59, 1, '2024-08-24'),
  (14, 7, '2022-05-18'),
  (60, 2, '2020-01-26'),
  (28, 3, '2024-10-23'),
  (30, 4, '2023-05-23'),
  (76, 8, '2022-08-27'),
  (47, 8, '2021-06-25'),
  (29, 5, '2024-04-09'),
  (6, 4, '2021-12-12'),
  (8, 7, '2023-11-20'),
  (32, 6, '2022-03-24'),
  (42, 6, '2021-10-06'),
  (84, 3, '2020-07-25'),
  (18, 2, '2024-09-27'),
  (31, 3, '2023-05-12'),
  (91, 7, '2024-09-21'),
  (41, 5, '2023-08-23'),
  (44, 1, '2023-03-26'),
  (22, 4, '2023-05-05');

INSERT INTO `Submission` (`studentId`, `courseId`, `title`, `submittedAt`) VALUES
  (1, _binary 'UDY341', _binary 'War career five likely simply can top appear.', '2025-07-16T12:57:03'),
  (91, _binary 'DCO642', _binary 'Commercial thus product conference more nation write must feel.', '2025-03-12T02:42:55'),
  (52, _binary 'URZ029', _binary 'Miss number since story several today book.', '2025-07-19T02:27:54'),
  (13, _binary 'UDY341', _binary 'Likely music imagine somebody tree section.', '2025-03-24T02:04:51'),
  (78, _binary 'AAA000', _binary 'Inside issue open go we anything nation go on window.', '2024-08-15T22:03:06'),
  (37, _binary 'TLX721', _binary 'Water none data hard beautiful arm can culture almost I well eight.', '2023-05-25T14:46:05'),
  (82, _binary 'JOA686', _binary 'Foreign woman attorney none since medical.', '2024-01-01T08:13:53'),
  (33, _binary 'DCO642', _binary 'Voice opportunity value college international day purpose factor fast.', '2024-07-14T17:17:10'),
  (66, _binary 'YBZ320', _binary 'Pattern fight direction half free wait happy per.', '2024-05-22T14:55:56'),
  (92, _binary 'ZDL442', _binary 'Position card life present risk process choose sea dream heavy.', '2024-01-18T11:25:28'),
  (38, _binary 'WEK598', _binary 'Else contain impact relationship strong which myself get.', '2024-10-15T08:43:18'),
  (90, _binary 'SSZ287', _binary 'Low cause team idea evidence truth.', '2025-03-16T19:30:48'),
  (49, _binary 'WFP417', _binary 'Notice economy although son.', '2025-12-19T07:35:58'),
  (5, _binary 'EEZ194', _binary 'Church above perform consider create head if shake scene sea laugh call.', '2023-10-05T14:24:25'),
  (65, _binary 'KEF076', _binary 'Central view loss out ago stand pretty know good.', '2025-09-24T08:16:29'),
  (39, _binary 'ZCZ076', _binary 'Indicate speak tough it single attorney herself must technology.', '2023-04-02T18:43:03'),
  (100, _binary 'QGK900', _binary 'Also enjoy usually money raise anything.', '2025-11-09T11:05:40'),
  (49, _binary 'YYR568', _binary 'Offer next letter rich.', '2024-01-22T18:43:34'),
  (8, _binary 'WEK598', _binary 'About address value for forget argue.', '2023-08-07T12:09:20'),
  (16, _binary 'DCO642', _binary 'Avoid win concern determine scene smile while threat during.', '2023-02-12T10:00:19'),
  (49, _binary 'WEK598', _binary 'Question social specific up door cup stop friend.', '2024-11-25T14:37:10'),
  (15, _binary 'AZD699', _binary 'Every wear about environmental song stand.', '2023-04-29T19:09:44'),
  (46, _binary 'URZ029', _binary 'Without set address easy.', '2023-03-12T16:32:20'),
  (81, _binary 'BND470', _binary 'Green arrive enough gun.', '2024-09-06T12:06:01'),
  (17, _binary 'ZUP320', _binary 'Design set table mention foreign may look head produce.', '2023-05-24T13:51:39'),
  (84, _binary 'ZDL442', _binary 'Third low sign action.', '2023-01-21T02:11:30'),
  (96, _binary 'TBU114', _binary 'Outside minute pretty keep be more get.', '2024-12-20T23:36:08'),
  (42, _binary 'URZ029', _binary 'Tonight whom raise foreign might improve about.', '2023-07-01T16:19:05'),
  (59, _binary 'ZTA230', _binary 'Right girl peace government watch production sure rise.', '2025-02-20T10:38:48'),
  (61, _binary 'QGK900', _binary 'Skin according interview pick yourself another rise father.', '2023-04-29T22:32:46'),
  (17, _binary 'UDY341', _binary 'Exist cold value could appear source.', '2025-03-17T19:09:59'),
  (90, _binary 'URZ029', _binary 'Establish kitchen from ground article pull reason lead deal I those be turn maybe.', '2025-01-13T03:45:21'),
  (48, _binary 'YZP495', _binary 'A push much beyond main seven run.', '2025-10-31T19:36:11'),
  (29, _binary 'XHR657', _binary 'Evidence heavy do main impact the mouth whether ahead western a.', '2023-05-20T17:11:15'),
  (85, _binary 'QTN778', _binary 'Government herself attack action fine usually page move maintain.', '2025-04-25T07:52:27'),
  (98, _binary 'YBZ320', _binary 'Right stock technology event figure none opportunity Republican science.', '2024-07-08T05:21:05'),
  (56, _binary 'BND470', _binary 'Full challenge church bill security full development.', '2024-10-02T17:19:58'),
  (40, _binary 'BND470', _binary 'Save call west exactly statement material also company these let.', '2024-01-03T07:45:27'),
  (79, _binary 'NYT358', _binary 'Upon society skill authority space wind police position personal his soldier cell explain close factor.', '2024-05-03T02:53:41'),
  (73, _binary 'WAA000', _binary 'Southern lose collection ground act also this its fund whom.', '2024-01-10T15:43:09'),
  (54, _binary 'UDY341', _binary 'Eye agency boy brother man difference real.', '2023-12-11T10:08:53'),
  (92, _binary 'DZF549', _binary 'Heart man medical the reach true ask risk apply beat recent including language bag stock.', '2024-09-18T05:46:49'),
  (13, _binary 'TLX721', _binary 'Employee positive hand structure total law bar break theory hospital relationship lead past author.', '2024-11-06T20:18:52'),
  (50, _binary 'PJM197', _binary 'Member stock table picture chair paper case safe long imagine.', '2025-04-30T12:22:59'),
  (96, _binary 'RZN008', _binary 'Assume drive decision summer news benefit factor base kid although.', '2023-06-02T14:13:26'),
  (48, _binary 'KEF076', _binary 'Kind season technology black board charge push own rise of north western senior.', '2023-09-08T16:58:07'),
  (66, _binary 'JOA686', _binary 'Have money program administration possible provide interesting which medical decade past serious for pay.', '2025-01-05T04:52:20'),
  (45, _binary 'WEK598', _binary 'Will bad forward million employee capital ball understand probably our different.', '2025-03-13T22:00:32'),
  (21, _binary 'AAA000', _binary 'Buy health drop him line course attorney call team world over yourself test trip that.', '2025-01-04T02:49:10'),
  (26, _binary 'NYT358', _binary 'Serve agree stop sit report space that everyone executive itself.', '2023-04-07T20:32:12'),
  (61, _binary 'EEZ194', _binary 'Reflect always total list example south camera drive reality interest he prepare.', '2023-06-04T21:28:26'),
  (69, _binary 'ARZ860', _binary 'Itself both alone subject fine difference fear born bit history recognize suggest tough.', '2024-04-16T07:17:05'),
  (64, _binary 'UTX640', _binary 'Meet threat color add indicate bad indicate charge shoulder fall guy spend bed themselves ever candidate.', '2025-09-11T19:57:30'),
  (95, _binary 'YBZ320', _binary 'Issue simply whatever together street food most discover eight economy.', '2025-07-25T11:45:27'),
  (62, _binary 'PJM197', _binary 'Apply to mention meeting hotel what chance shoulder.', '2023-04-11T14:54:52'),
  (51, _binary 'UDY341', _binary 'Activity back important those responsibility mouth federal area owner social fly still.', '2025-06-23T01:54:52'),
  (60, _binary 'YZP495', _binary 'Cost coach environment relationship poor.', '2023-05-01T17:08:46'),
  (9, _binary 'DZN842', _binary 'Front reveal value establish lawyer save get character.', '2024-06-18T03:19:04'),
  (51, _binary 'QGK900', _binary 'Ground Democrat home impact professional fear drug determine year.', '2024-03-18T12:26:37'),
  (39, _binary 'URZ029', _binary 'Start partner maintain party center war everything history PM seem size religious see.', '2025-01-23T08:23:37'),
  (36, _binary 'TAA000', _binary 'Local magazine between media rather wife prevent region.', '2025-07-25T12:32:13'),
  (97, _binary 'ZTA230', _binary 'Its ready security behind analysis hope sea actually enjoy agent.', '2024-05-10T04:18:57'),
  (20, _binary 'AZD699', _binary 'Democrat morning how sister family yes.', '2024-01-26T21:18:49'),
  (5, _binary 'AZD699', _binary 'Sign through resource lawyer scene dog director always report letter least same.', '2025-01-11T18:12:34'),
  (91, _binary 'ARZ860', _binary 'Discuss partner know must analysis animal.', '2023-05-29T07:49:55'),
  (16, _binary 'KEF076', _binary 'Suffer development democratic recent yourself indeed place street offer lay deep.', '2025-05-19T19:47:18'),
  (47, _binary 'YZP495', _binary 'Exactly small only hundred end condition enter deal think.', '2023-07-10T03:54:20'),
  (35, _binary 'SSZ287', _binary 'Mean require specific play two surface.', '2025-11-02T00:10:04'),
  (89, _binary 'YBZ320', _binary 'Computer now fund room step.', '2024-10-20T08:31:28'),
  (81, _binary 'ARZ860', _binary 'Practice project lose everybody under mouth room you well choose like still type space coach man.', '2023-05-31T05:44:45'),
  (46, _binary 'TLX721', _binary 'Young now rather wish job task.', '2023-09-15T11:06:48'),
  (12, _binary 'ZDL442', _binary 'Else bed PM carry.', '2025-05-07T08:12:18'),
  (7, _binary 'ARZ860', _binary 'Place present pull home.', '2024-10-19T03:07:09'),
  (97, _binary 'XHR657', _binary 'Contain technology guess help course sell matter safe show occur draw concern side care significant from.', '2025-12-17T23:34:30'),
  (24, _binary 'PAA000', _binary 'Reveal may table thank partner capital car task third top police actually whole quality sport ten.', '2025-12-10T01:12:59'),
  (53, _binary 'PJM197', _binary 'Office season middle young go table film father significant rather.', '2025-06-16T15:57:27'),
  (85, _binary 'ZTA230', _binary 'Focus member store American of often plant value also blood hot quality idea so.', '2024-11-10T11:35:14'),
  (50, _binary 'JAA000', _binary 'Stay itself almost position task.', '2024-10-09T20:19:12'),
  (65, _binary 'ZTA230', _binary 'Blue put standard Mrs there civil place standard push can treatment somebody account garden response.', '2024-05-29T01:23:53'),
  (4, _binary 'PAA000', _binary 'Far office officer business special.', '2024-09-03T08:09:27'),
  (96, _binary 'BND470', _binary 'Tax although rise know away card tell history expect Democrat rule worry.', '2024-12-06T21:35:21'),
  (1, _binary 'YYR568', _binary 'Oil serious meeting concern myself popular treatment century.', '2025-09-06T22:49:23'),
  (65, _binary 'ARZ860', _binary 'Name eye save picture common news build.', '2023-01-16T18:48:41'),
  (30, _binary 'WFP417', _binary 'End argue particularly world line record cost fear lot.', '2023-09-16T02:41:17'),
  (57, _binary 'TBU114', _binary 'Daughter short think company dog surface firm.', '2023-06-08T19:34:56'),
  (63, _binary 'JAA000', _binary 'Since hotel high win effort scientist be.', '2025-07-30T07:49:55'),
  (13, _binary 'UDY341', _binary 'Himself sing wish between fill method area suggest career world state.', '2025-08-20T10:06:20'),
  (22, _binary 'ZUP320', _binary 'Simple term lot let.', '2025-02-13T12:00:24'),
  (73, _binary 'RZN008', _binary 'Candidate town onto see once right.', '2025-06-22T19:33:59'),
  (28, _binary 'UTX640', _binary 'Attorney for rock character anything decide service already exist.', '2023-12-23T05:58:20'),
  (43, _binary 'YZP495', _binary 'Remain explain sea partner listen economic discover meet movement word.', '2024-04-02T05:30:58'),
  (74, _binary 'EEZ194', _binary 'Method suddenly course actually add beyond then general ever goal alone raise structure support fall himself.', '2024-01-31T22:53:33'),
  (5, _binary 'PJM197', _binary 'Give civil popular choice less knowledge staff.', '2025-04-14T22:08:25'),
  (68, _binary 'WFP417', _binary 'Detail arm message well loss employee wrong seven affect word.', '2023-09-11T14:49:29'),
  (73, _binary 'TAA000', _binary 'Own task heart letter discuss hundred ground today example start deep open scene.', '2024-01-28T21:36:01'),
  (36, _binary 'PJM197', _binary 'These though big analysis operation worker deep energy fast analysis.', '2023-09-03T11:29:56'),
  (74, _binary 'DCO642', _binary 'Form moment Republican factor give site fly society animal.', '2024-03-13T09:38:32'),
  (30, _binary 'PJM197', _binary 'Everyone pay draw physical teacher attention method draw.', '2023-11-19T04:08:18'),
  (15, _binary 'QTN778', _binary 'Eye language agency car.', '2024-08-31T09:26:31'),
  (97, _binary 'YZP495', _binary 'Responsibility culture history language situation affect issue heavy away trade condition.', '2025-01-18T02:04:23');

INSERT INTO `Submission` (`studentId`, `courseId`, `title`, `submittedAt`) VALUES
  (20, _binary 'AZD699', _binary 'Region gun good himself PM me evidence life much sometimes three work near unit.', '2025-11-27T10:30:43'),
  (60, _binary 'PAA000', _binary 'Speech himself live lead huge even all fight describe argue page.', '2025-10-13T11:09:32'),
  (7, _binary 'YZP495', _binary 'Police bit five food social receive suddenly media debate.', '2024-09-07T14:22:35'),
  (44, _binary 'UTX640', _binary 'Stuff discuss reflect fill activity like control attention single.', '2024-04-03T19:11:06'),
  (35, _binary 'BND470', _binary 'Life quickly wall it audience bar success seven set.', '2025-12-02T22:44:40'),
  (59, _binary 'QGK900', _binary 'Pull quality film police.', '2023-12-29T00:34:59'),
  (50, _binary 'ZCZ076', _binary 'Final parent way weight listen feel drive above mean between add machine security.', '2025-01-06T03:39:35'),
  (19, _binary 'QGK900', _binary 'Of learn available.', '2025-03-11T21:14:26'),
  (62, _binary 'TBU114', _binary 'Standard soon put explain tell door color sister money stuff good morning care seat song skin.', '2023-05-26T16:15:31'),
  (8, _binary 'AZD699', _binary 'Reveal rich coach section source agree lose lot glass other huge anyone health.', '2023-06-05T10:55:32'),
  (41, _binary 'RZN008', _binary 'Consumer next commercial material something chance natural wrong many hundred move nor.', '2025-04-21T03:38:38'),
  (34, _binary 'WEK598', _binary 'Treat let take magazine could.', '2023-11-02T10:57:32'),
  (93, _binary 'NYT358', _binary 'Control can authority perform reality need.', '2025-09-10T11:57:46'),
  (21, _binary 'ARZ860', _binary 'Stand relationship you stock practice wall dark account because news another.', '2024-10-06T12:45:14'),
  (12, _binary 'XHR657', _binary 'Parent month item produce environmental.', '2023-07-11T08:02:36'),
  (16, _binary 'SDL076', _binary 'Child perhaps remain which a study production price will.', '2025-12-03T03:10:22'),
  (2, _binary 'JNZ633', _binary 'Life leg whose sing these record already somebody later majority late per energy.', '2023-07-18T11:15:05'),
  (70, _binary 'ZUP320', _binary 'First along free per throw if cut.', '2025-11-27T04:19:47'),
  (69, _binary 'UDY341', _binary 'Including benefit heart enjoy southern national necessary.', '2024-06-19T02:03:53'),
  (56, _binary 'JAA000', _binary 'Per us foot live have human.', '2024-02-12T20:23:34'),
  (15, _binary 'DCO642', _binary 'Star serious could lay seat sign look suggest common nearly before.', '2024-09-17T00:30:22'),
  (6, _binary 'ZUP320', _binary 'Bad Mrs attorney art whose article same around.', '2025-10-25T12:09:35'),
  (84, _binary 'JNZ633', _binary 'Indeed box local catch may reflect early compare always.', '2024-05-09T10:16:23'),
  (10, _binary 'JNZ633', _binary 'Money reveal decide yes song south involve.', '2024-01-22T22:32:15'),
  (12, _binary 'JNZ633', _binary 'Husband safe thus thing agreement seem involve financial.', '2023-01-13T06:36:28'),
  (51, _binary 'PJM197', _binary 'Information well but others human minute design poor nature success actually.', '2025-05-24T14:39:08'),
  (25, _binary 'BND470', _binary 'Job ball west lot something collection energy throw school.', '2024-09-07T21:35:20'),
  (54, _binary 'ARZ860', _binary 'Early suddenly quite understand.', '2025-08-29T19:09:54'),
  (52, _binary 'PJM197', _binary 'Really as practice sound theory within real.', '2025-04-17T04:44:33'),
  (19, _binary 'PAA000', _binary 'Receive long pretty trouble growth become prepare whatever.', '2025-12-13T17:10:49'),
  (17, _binary 'DCO642', _binary 'Develop evidence affect hit chair wife mother mouth responsibility.', '2025-11-18T23:26:25'),
  (30, _binary 'URZ029', _binary 'They every return weight information short knowledge.', '2024-05-19T12:33:51'),
  (89, _binary 'AAA000', _binary 'Size war quite before program main thought reflect quickly material and force walk check pretty.', '2023-12-19T21:03:59'),
  (58, _binary 'PJM197', _binary 'Check here personal agreement wall car Mr save protect include challenge others.', '2023-03-20T01:07:29'),
  (100, _binary 'AZD699', _binary 'Peace yeah good technology western along six could seek.', '2023-01-15T03:00:08'),
  (64, _binary 'UTX640', _binary 'Must now rate way air real hot.', '2025-05-26T00:05:52'),
  (82, _binary 'ZTA230', _binary 'Design owner realize start book fear.', '2025-10-31T18:52:59'),
  (68, _binary 'PJM197', _binary 'Late dinner crime huge his assume.', '2023-11-08T22:29:05'),
  (60, _binary 'SXN488', _binary 'Another yard partner protect theory decision quality speak growth here political.', '2024-01-23T19:33:09'),
  (76, _binary 'URZ029', _binary 'Something beyond choice result collection ago someone report old fight PM which others.', '2025-03-30T18:57:34'),
  (58, _binary 'QTN778', _binary 'Beautiful car there might something think bank difficult choice trip.', '2025-12-03T06:18:43'),
  (91, _binary 'YYR568', _binary 'Theory individual me western create economic hit.', '2023-11-16T00:13:00'),
  (73, _binary 'TBU114', _binary 'Describe road fund dark out appear strong staff at clear.', '2025-06-28T10:21:28'),
  (43, _binary 'AAA000', _binary 'Expert kitchen single technology.', '2024-10-20T05:06:18'),
  (69, _binary 'ZTA230', _binary 'Along enter interest goal mind.', '2025-02-22T03:09:16'),
  (6, _binary 'XWG797', _binary 'Term to garden its direction investment like.', '2023-02-06T20:06:38'),
  (94, _binary 'PJM197', _binary 'Ready try TV east finally beat child.', '2025-08-12T18:47:25'),
  (71, _binary 'ZTA230', _binary 'Skill rise forget everything car subject grow town.', '2023-12-04T17:06:09'),
  (92, _binary 'ZTA230', _binary 'Recognize support question bit anyone quickly artist cut size.', '2024-09-13T16:59:35'),
  (12, _binary 'XWG797', _binary 'White hear film off catch standard data time already we lot bar rate.', '2023-04-01T04:33:38'),
  (61, _binary 'QGK900', _binary 'Tax memory thank agree consumer receive join.', '2023-05-30T01:11:51'),
  (31, _binary 'TAA000', _binary 'Treat yes company prepare clear person discover claim nature usually adult suffer more back blood often.', '2023-06-09T22:55:29'),
  (68, _binary 'QTN778', _binary 'Trouble enjoy economic morning international family week stand would.', '2023-03-15T14:26:14'),
  (87, _binary 'SDL076', _binary 'Challenge sport help participant ball ground area some.', '2025-07-04T16:18:10'),
  (55, _binary 'WAA000', _binary 'Reveal training others soon about difference room so according stage during voice.', '2023-11-20T08:18:11'),
  (83, _binary 'WEK598', _binary 'National prevent art black.', '2023-08-28T11:41:55'),
  (81, _binary 'PJM197', _binary 'Simply decade use fish.', '2023-10-29T08:51:57'),
  (50, _binary 'AAA000', _binary 'Really training national ground with.', '2023-06-12T23:21:33'),
  (89, _binary 'AZD699', _binary 'Argue yet society security relate actually send century threat national account something.', '2023-08-15T21:10:15'),
  (18, _binary 'QGK900', _binary 'Sense single participant walk east rock.', '2024-11-29T01:34:12'),
  (42, _binary 'YZP495', _binary 'Black road remain may three might adult wall their interesting.', '2025-04-30T12:07:55'),
  (41, _binary 'JOA686', _binary 'Become art what maybe find yet him daughter surface read return ask performance.', '2023-01-27T10:47:40'),
  (58, _binary 'XAA000', _binary 'North wife ok those recently wall system responsibility executive very wife talk cause those imagine.', '2025-03-25T21:09:32'),
  (22, _binary 'BND470', _binary 'Relationship ago human board skill field by main officer.', '2024-12-07T23:24:36'),
  (87, _binary 'XAA000', _binary 'Newspaper manager social once letter than memory impact matter right.', '2023-05-05T05:21:32'),
  (17, _binary 'ZUP320', _binary 'Son world any she hair discussion guess brother bank open other tax exactly clearly individual focus.', '2024-02-27T19:03:33'),
  (72, _binary 'UTX640', _binary 'Sea must rather find store time water again over.', '2025-11-30T06:54:00'),
  (8, _binary 'TAA000', _binary 'Live nothing table poor experience build agree Mrs.', '2024-06-09T20:41:37'),
  (23, _binary 'RZN008', _binary 'With note southern month green rate know go show.', '2024-01-19T17:51:16'),
  (47, _binary 'AAA000', _binary 'Bad ready lay car peace if management bed fast like.', '2023-03-11T18:35:23'),
  (1, _binary 'DZN842', _binary 'Professional know body suffer fish which news environmental.', '2025-05-27T11:56:57'),
  (54, _binary 'EEZ194', _binary 'Level cold serious last peace message.', '2025-12-01T01:28:14'),
  (86, _binary 'ZTA230', _binary 'Long friend employee discuss church make.', '2023-04-12T00:14:38'),
  (22, _binary 'TAA000', _binary 'Field race reach both person assume purpose movement make can draw exactly cell.', '2024-06-13T19:11:21'),
  (62, _binary 'TBU114', _binary 'Industry family knowledge reality one into old have practice issue learn.', '2025-10-23T10:11:12'),
  (86, _binary 'DZF549', _binary 'Understand baby road it believe third laugh off day certainly hope.', '2024-02-09T04:47:49'),
  (90, _binary 'JAA000', _binary 'No movie example crime agreement worker.', '2025-06-08T21:03:43'),
  (94, _binary 'RZN008', _binary 'Science catch name lawyer less hour wear.', '2024-08-13T06:55:59'),
  (76, _binary 'PAA000', _binary 'May PM six level improve civil house realize make car work thank radio war.', '2023-07-04T08:24:23'),
  (99, _binary 'ARZ860', _binary 'Skill while cell wind themselves discuss list foreign own fear feeling and ability marriage.', '2025-05-23T08:11:28'),
  (80, _binary 'WEK598', _binary 'Capital something budget development.', '2025-08-10T12:15:30'),
  (83, _binary 'WFP417', _binary 'Do even best perform soon check spend life.', '2024-09-03T03:15:47'),
  (66, _binary 'SSZ287', _binary 'Material detail itself lay difference.', '2024-07-01T21:59:19'),
  (84, _binary 'UDY341', _binary 'Thing condition speech few avoid ago yeah parent my themselves.', '2025-08-02T05:39:58'),
  (75, _binary 'ARZ860', _binary 'Stage amount society most why eat development with product cup college experience control.', '2024-08-11T05:55:26'),
  (11, _binary 'XHR657', _binary 'From body clear through and wonder image.', '2025-05-16T04:58:33'),
  (87, _binary 'DZN842', _binary 'Traditional sort ball artist executive memory.', '2023-10-16T08:10:36'),
  (72, _binary 'JAA000', _binary 'Change reduce whether box recently not order current deal natural.', '2025-03-03T21:23:35'),
  (59, _binary 'NYT358', _binary 'Listen field myself lay.', '2024-07-23T09:15:02'),
  (7, _binary 'DZF549', _binary 'Wonder again three than resource hear.', '2024-02-25T03:56:26'),
  (55, _binary 'ZUP320', _binary 'Art then management success majority organization morning during.', '2024-07-17T05:17:32'),
  (58, _binary 'ZUP320', _binary 'Staff rich dinner agency drop wrong.', '2024-10-29T17:54:02'),
  (63, _binary 'ARZ860', _binary 'Floor sense class detail security believe matter letter energy Mr as offer.', '2025-09-02T05:59:22'),
  (95, _binary 'DZN842', _binary 'Place meeting effort add this trouble service visit south visit.', '2023-04-15T22:17:17'),
  (69, _binary 'ZUP320', _binary 'None network left take budget book.', '2024-04-25T11:54:32'),
  (29, _binary 'TAA000', _binary 'Manager whatever glass book stock key pattern.', '2024-11-14T18:36:11'),
  (39, _binary 'DCO642', _binary 'Ask care brother moment career administration suddenly pick identify less.', '2025-01-08T10:56:58'),
  (29, _binary 'QGK900', _binary 'Difficult with cell official such manager heart.', '2023-08-12T04:14:05'),
  (91, _binary 'XAA000', _binary 'Officer class employee agent.', '2023-04-17T12:08:39'),
  (88, _binary 'QGK900', _binary 'Finally least me want rule serious.', '2025-10-14T14:21:25');

INSERT INTO `Submission` (`studentId`, `courseId`, `title`, `submittedAt`) VALUES
  (28, _binary 'WAA000', _binary 'Mission once group whether each TV economy garden couple.', '2023-05-28T15:30:27'),
  (80, _binary 'KEF076', _binary 'Always number know eat note yourself any put dark.', '2024-03-30T13:47:40'),
  (74, _binary 'DCO642', _binary 'Can medical another total accept.', '2023-05-01T03:04:10'),
  (6, _binary 'PJM197', _binary 'Management same position name wonder turn health.', '2024-11-07T02:09:27'),
  (80, _binary 'KEF076', _binary 'Issue to room night yard interest tell subject every mission prove.', '2024-11-20T11:56:27'),
  (50, _binary 'PJM197', _binary 'Discuss film during book piece writer around include consider.', '2024-06-01T04:27:10'),
  (6, _binary 'DCO642', _binary 'Rate environment way method have political message join bar Mrs audience.', '2024-10-29T17:12:01'),
  (18, _binary 'PAA000', _binary 'Appear discover to series chance.', '2024-07-15T02:02:02'),
  (25, _binary 'QGK900', _binary 'Particularly deal more my.', '2025-07-23T11:28:58'),
  (18, _binary 'ARZ860', _binary 'Face reality forward generation if entire away section suggest commercial interesting network subject bar.', '2023-11-27T10:59:23'),
  (42, _binary 'JNZ633', _binary 'Stop maybe need alone someone toward loss less.', '2025-11-11T00:10:55'),
  (88, _binary 'URZ029', _binary 'Arm maintain his trip guy mother reduce scientist green science.', '2024-03-10T02:47:54'),
  (100, _binary 'ZUP320', _binary 'Theory best money hot leg color wall customer answer policy way view.', '2024-06-23T06:27:41'),
  (87, _binary 'WAA000', _binary 'Civil number interest interest individual rich stuff real clearly environmental six.', '2025-12-17T01:07:19'),
  (61, _binary 'UTX640', _binary 'Bad despite citizen hour drop environment near us.', '2025-05-21T18:03:22'),
  (3, _binary 'ZTA230', _binary 'Pull director build thank believe become camera threat.', '2025-07-02T04:50:46'),
  (27, _binary 'UDY341', _binary 'Fill social particularly life decision mother hope health.', '2024-04-12T06:20:52'),
  (5, _binary 'YZP495', _binary 'Bit democratic number more green team they focus conference own soldier seem article factor face.', '2023-09-19T23:30:49'),
  (56, _binary 'KEF076', _binary 'Theory practice list.', '2025-07-02T04:39:58'),
  (23, _binary 'EEZ194', _binary 'Wide kitchen public owner resource key.', '2024-05-24T20:09:15'),
  (20, _binary 'WAA000', _binary 'Hair between heart last then financial century hope.', '2024-12-04T20:56:35'),
  (2, _binary 'SDL076', _binary 'Politics include whom fund still Mrs heavy analysis offer imagine within.', '2025-04-01T15:08:01'),
  (72, _binary 'ARZ860', _binary 'Read after inside former challenge until history call.', '2025-09-21T06:51:18'),
  (19, _binary 'YYR568', _binary 'Country choice study most chance himself marriage other.', '2023-03-06T05:16:31'),
  (43, _binary 'ZTA230', _binary 'Seven us rise challenge above free up society dark.', '2025-12-08T16:36:30'),
  (14, _binary 'SDL076', _binary 'End international reduce no officer medical medical weight.', '2024-01-23T20:53:34'),
  (76, _binary 'SDL076', _binary 'Science cause language keep pass open can approach.', '2025-07-25T21:05:36'),
  (57, _binary 'WAA000', _binary 'Again call small child impact character long.', '2025-08-20T11:55:00'),
  (78, _binary 'AZD699', _binary 'Style word notice pass center near seat catch foot need.', '2023-12-26T11:51:33'),
  (44, _binary 'YYR568', _binary 'Along visit indicate production size according will everybody tell far performance.', '2025-01-16T17:53:45'),
  (46, _binary 'JAA000', _binary 'Take product wind special century garden become thus.', '2025-11-27T19:18:27'),
  (28, _binary 'DZF549', _binary 'Since difference notice represent game shoulder.', '2023-02-08T11:44:43'),
  (95, _binary 'NYT358', _binary 'Friend entire world care sit focus car security.', '2023-09-24T23:42:53'),
  (71, _binary 'TLX721', _binary 'Federal event other give sea today fall bad present understand listen.', '2023-02-03T12:36:04'),
  (81, _binary 'XWG797', _binary 'Care bar science war people need need.', '2024-01-01T17:25:13'),
  (59, _binary 'XHR657', _binary 'Her eight certain place task edge give probably level.', '2025-11-24T17:53:41'),
  (25, _binary 'AAA000', _binary 'Size care old reach result event boy explain father produce wrong resource truth.', '2025-08-19T15:31:13'),
  (82, _binary 'WEK598', _binary 'Place different far explain there environmental we stage pull they.', '2024-05-04T22:54:49'),
  (92, _binary 'RZN008', _binary 'Property his avoid add memory notice detail.', '2024-05-12T12:22:19'),
  (100, _binary 'SXN488', _binary 'Everyone space adult past meeting son investment claim all.', '2025-10-19T12:32:56'),
  (90, _binary 'TAA000', _binary 'Staff meet event north about policy rich think collection mind.', '2025-11-18T18:32:45'),
  (76, _binary 'QGK900', _binary 'Exist whole civil table above none.', '2024-04-08T05:05:45'),
  (85, _binary 'QGK900', _binary 'Report economy yes worker another over.', '2024-07-24T04:27:59'),
  (98, _binary 'DCO642', _binary 'Born gun choose option human nice training late she under already thus.', '2025-01-23T22:30:39'),
  (15, _binary 'URZ029', _binary 'Across will he short head goal.', '2024-02-22T13:35:47'),
  (26, _binary 'YZP495', _binary 'Citizen fish agree improve ground western.', '2023-05-13T23:20:40'),
  (30, _binary 'RZN008', _binary 'Quickly subject conference yeah buy.', '2024-07-14T04:39:19'),
  (63, _binary 'QGK900', _binary 'Yourself once example create poor then teacher act light according so hear power easy civil.', '2023-06-02T14:45:01'),
  (41, _binary 'XHR657', _binary 'Forget attorney want race act notice agree Republican.', '2025-04-27T01:58:43'),
  (11, _binary 'WAA000', _binary 'Chair security expert modern something store study institution against.', '2023-12-14T01:46:41'),
  (9, _binary 'TBU114', _binary 'For between have visit decision rate whose may owner glass start our guess.', '2023-12-16T12:54:26'),
  (49, _binary 'TLX721', _binary 'Rock wear through physical newspaper natural government.', '2024-08-27T14:52:39'),
  (67, _binary 'BND470', _binary 'Certainly television during cut.', '2025-01-10T17:36:42'),
  (42, _binary 'YBZ320', _binary 'Author standard cost management director be.', '2025-12-28T09:23:16'),
  (84, _binary 'WFP417', _binary 'Physical lose less memory offer least attention each foreign.', '2023-10-01T21:02:37'),
  (19, _binary 'JOA686', _binary 'Prevent single always nor catch hear west ahead organization risk heavy quickly whom within else.', '2024-10-21T08:36:26'),
  (54, _binary 'YBZ320', _binary 'Training include seven parent difficult firm.', '2023-07-06T14:49:24'),
  (86, _binary 'YZP495', _binary 'Present share popular she attorney.', '2023-04-08T01:53:03'),
  (82, _binary 'ZDL442', _binary 'She sell business course the field mind under.', '2023-11-16T03:23:50'),
  (87, _binary 'JAA000', _binary 'Key son set have early democratic because past.', '2024-03-21T05:18:43'),
  (72, _binary 'NYT358', _binary 'Million cover memory hand machine improve parent beyond nothing.', '2025-06-26T15:45:59'),
  (98, _binary 'QGK900', _binary 'Two ahead what modern knowledge late behind far who power break level police.', '2024-08-17T23:27:37'),
  (7, _binary 'DZF549', _binary 'Very understand method player.', '2025-11-09T13:22:20'),
  (20, _binary 'ARZ860', _binary 'Far whom carry career red down scientist.', '2024-01-02T17:54:15'),
  (19, _binary 'JAA000', _binary 'Task surface just feel likely professional bad return contain.', '2023-01-08T12:26:09'),
  (14, _binary 'WAA000', _binary 'Federal ahead myself other head American about plan field art let write check approach.', '2024-10-11T23:15:22'),
  (28, _binary 'PJM197', _binary 'Hair across time probably.', '2025-03-20T23:57:21'),
  (35, _binary 'ZTA230', _binary 'Outside scientist say worry whatever some.', '2024-03-23T00:22:51'),
  (13, _binary 'WEK598', _binary 'Appear school here foot stock great skill believe.', '2025-01-07T04:29:39'),
  (51, _binary 'UTX640', _binary 'Up dog recently remember stay idea.', '2024-07-25T01:49:05'),
  (44, _binary 'DZF549', _binary 'Cup history and together follow fact watch.', '2023-03-24T21:25:59'),
  (56, _binary 'JNZ633', _binary 'Doctor season fly economy hot fire skill.', '2023-12-02T17:14:27'),
  (41, _binary 'KEF076', _binary 'Artist field teacher business feeling.', '2023-12-28T16:49:24'),
  (26, _binary 'SSZ287', _binary 'Say miss tax agreement still central fight choice.', '2024-05-05T00:21:30'),
  (12, _binary 'ZCZ076', _binary 'Against sense sport mean think among store.', '2023-02-27T11:22:26'),
  (28, _binary 'TLX721', _binary 'Nice television difference even government type cell interesting sure everybody strong.', '2023-01-22T13:37:26'),
  (16, _binary 'SDL076', _binary 'Instead his believe cell mind interview position once fire social.', '2023-02-22T10:22:29'),
  (26, _binary 'DZF549', _binary 'Over future although positive growth behavior dream.', '2023-04-17T11:11:16'),
  (37, _binary 'QTN778', _binary 'Dark some professional discussion election scene mean.', '2025-05-31T02:20:10'),
  (27, _binary 'UDY341', _binary 'Him career career and environment letter individual economy white than space political.', '2025-04-15T07:27:55'),
  (57, _binary 'ZCZ076', _binary 'Say pull north life company that candidate she town other board deal gun.', '2025-05-01T18:57:07'),
  (89, _binary 'AZD699', _binary 'Charge movement central who food thought table energy something blood.', '2023-05-06T18:23:30'),
  (31, _binary 'ZTA230', _binary 'Material TV back prove language perform leg commercial instead last community cultural section perform how poor.', '2023-09-03T23:27:58'),
  (93, _binary 'JNZ633', _binary 'Campaign particularly age cost page paper describe chair father bag politics.', '2024-11-25T20:01:44'),
  (8, _binary 'PJM197', _binary 'Security television suddenly expert adult.', '2024-02-04T03:40:13'),
  (40, _binary 'ZTA230', _binary 'Stand scientist inside suddenly success center budget.', '2024-04-09T18:24:00'),
  (3, _binary 'ZDL442', _binary 'Discussion marriage senior cut several sing cultural lose generation.', '2024-07-24T18:06:26'),
  (14, _binary 'QGK900', _binary 'Manager artist animal head so more.', '2023-09-08T07:56:48'),
  (53, _binary 'AAA000', _binary 'Offer small gas picture big key.', '2025-02-19T08:07:53'),
  (71, _binary 'ZTA230', _binary 'Thing nearly effort page enough such along specific begin.', '2023-02-19T12:17:32'),
  (38, _binary 'XWG797', _binary 'Serious east people face must value police person.', '2023-03-22T17:42:07'),
  (45, _binary 'YYR568', _binary 'National across life move lead everything daughter partner.', '2025-06-27T17:47:22'),
  (85, _binary 'WAA000', _binary 'Four cultural indeed sea option make risk get side skill.', '2024-04-11T15:24:19'),
  (34, _binary 'SDL076', _binary 'Hundred out notice worker blue market consumer responsibility.', '2023-01-20T19:14:55'),
  (83, _binary 'ZCZ076', _binary 'Exactly clear another first hundred maybe more although say.', '2025-12-17T01:00:53'),
  (73, _binary 'AAA000', _binary 'Prepare play sign.', '2025-04-30T05:57:41'),
  (36, _binary 'WFP417', _binary 'As catch tell forward owner eat politics.', '2023-04-24T21:51:30'),
  (5, _binary 'WFP417', _binary 'Determine street big stage it performance finish wife rock.', '2025-01-28T02:38:53'),
  (10, _binary 'WEK598', _binary 'Factor week question town lawyer five debate task specific should plan.', '2023-05-31T05:22:59'),
  (8, _binary 'JAA000', _binary 'Sister three other rate.', '2023-07-04T14:29:57');

INSERT INTO `Submission` (`studentId`, `courseId`, `title`, `submittedAt`) VALUES
  (32, _binary 'ZDL442', _binary 'From early though window sea face any hot do later owner thought.', '2025-09-19T18:22:01'),
  (55, _binary 'UTX640', _binary 'Safe news material thank skill choice good between.', '2024-03-16T18:08:15'),
  (57, _binary 'XHR657', _binary 'Fly seem stock nearly court.', '2023-07-09T08:15:30'),
  (36, _binary 'TAA000', _binary 'Food food message building draw huge per.', '2024-11-14T06:08:32'),
  (88, _binary 'ZDL442', _binary 'Course child daughter especially pass value make.', '2025-05-14T17:17:35'),
  (3, _binary 'EEZ194', _binary 'Fight family figure determine keep particularly modern together.', '2025-05-26T21:26:03'),
  (64, _binary 'DZF549', _binary 'Former Mrs special practice none himself data skin ask wish enter family a evidence yeah.', '2023-10-18T00:18:42'),
  (2, _binary 'AAA000', _binary 'Mind carry southern major entire pretty stuff never family less.', '2024-01-23T19:49:23'),
  (70, _binary 'ZUP320', _binary 'Likely front difficult shoulder billion.', '2023-07-24T05:38:34'),
  (26, _binary 'BND470', _binary 'Third result wrong mean put current.', '2025-11-17T06:48:54'),
  (7, _binary 'SDL076', _binary 'Leave land political investment kid in news computer short wish region player.', '2023-02-13T04:20:34'),
  (27, _binary 'WEK598', _binary 'Bill others voice various.', '2024-12-19T03:41:24'),
  (55, _binary 'YYR568', _binary 'South career drop war high painting.', '2024-05-17T17:54:45'),
  (18, _binary 'ZTA230', _binary 'Spend first call blood conference surface house call wrong site.', '2023-07-13T15:07:36'),
  (72, _binary 'QTN778', _binary 'Simple small fly civil.', '2024-01-01T11:06:19'),
  (94, _binary 'WFP417', _binary 'Word science order share hot matter.', '2024-05-06T10:39:40'),
  (78, _binary 'BND470', _binary 'Cup western rise toward people.', '2024-10-09T08:32:43'),
  (79, _binary 'QGK900', _binary 'Away best nothing pressure force along.', '2023-09-28T22:46:52'),
  (66, _binary 'ZTA230', _binary 'Against already five my thousand cause tend teach interesting type exist believe.', '2024-03-10T22:30:34'),
  (10, _binary 'ZTA230', _binary 'At finish family decision quite education amount station.', '2023-08-11T11:28:27'),
  (66, _binary 'NYT358', _binary 'Keep summer be let push strong education already.', '2025-05-29T23:42:11'),
  (96, _binary 'PJM197', _binary 'Hot three statement throughout let last cold sort suggest.', '2024-03-12T06:33:33'),
  (67, _binary 'URZ029', _binary 'If see news far reach stand protect result according.', '2023-12-31T00:58:56'),
  (64, _binary 'ARZ860', _binary 'Reduce fast clear top smile operation building lose floor area less who chair red.', '2024-11-17T13:06:51'),
  (85, _binary 'SDL076', _binary 'Five wall develop part away data support cold several blue few decade.', '2025-01-25T03:23:52'),
  (93, _binary 'AAA000', _binary 'Guy successful history baby full.', '2023-06-15T11:44:25'),
  (10, _binary 'EEZ194', _binary 'Region standard would interest whether never factor experience meet both.', '2025-10-13T23:45:27'),
  (47, _binary 'QGK900', _binary 'The former many conference free conference moment yes floor try west reflect.', '2023-03-14T18:11:01'),
  (9, _binary 'XAA000', _binary 'Rock maintain create life state summer issue try seven.', '2023-06-23T13:46:52'),
  (48, _binary 'SDL076', _binary 'Age question hair above rather report argue gun hour focus sign.', '2023-05-03T18:03:49'),
  (76, _binary 'NYT358', _binary 'Future direction under pressure through them affect.', '2024-10-09T01:45:05'),
  (60, _binary 'AAA000', _binary 'Available main seek still standard report beat another.', '2024-02-23T16:55:50'),
  (51, _binary 'ZCZ076', _binary 'Course generation care close.', '2023-10-12T08:06:57'),
  (40, _binary 'ZUP320', _binary 'Seat operation indicate scientist think live benefit art action.', '2024-12-20T21:29:47'),
  (1, _binary 'XHR657', _binary 'Manage out food animal behind.', '2023-01-08T13:03:20'),
  (80, _binary 'DZF549', _binary 'Public stock sure stay group someone professor.', '2024-05-19T19:18:17'),
  (99, _binary 'YYR568', _binary 'Company small human hospital concern know rock majority beat.', '2024-02-17T15:46:56'),
  (37, _binary 'JOA686', _binary 'All nothing fly foreign a step clear include together price television between scene.', '2023-08-10T03:54:44'),
  (21, _binary 'XAA000', _binary 'Lawyer painting prove simple against general avoid now customer.', '2024-07-31T00:08:21'),
  (75, _binary 'QTN778', _binary 'Prove magazine student ready money wind.', '2024-03-05T07:58:27'),
  (63, _binary 'YZP495', _binary 'Peace value hotel mother over material door course kitchen including cut executive.', '2025-01-11T18:20:32'),
  (33, _binary 'UDY341', _binary 'Just fund necessary compare stop sell civil hospital wide spring.', '2025-09-29T03:27:48'),
  (100, _binary 'UDY341', _binary 'Long lawyer stock home how tax girl small magazine parent natural reality.', '2024-08-02T20:00:48'),
  (32, _binary 'SDL076', _binary 'Light out when science create.', '2024-06-24T13:21:38'),
  (44, _binary 'TLX721', _binary 'Candidate purpose around hit suffer body.', '2025-03-05T03:17:31'),
  (37, _binary 'YZP495', _binary 'When paper pattern life world.', '2025-11-18T01:36:02'),
  (14, _binary 'AZD699', _binary 'Traditional think middle within return cause sell local.', '2025-02-26T02:35:34'),
  (41, _binary 'BND470', _binary 'Discuss idea decade hit everything despite team matter operation firm sense soon those body.', '2024-04-03T02:45:36'),
  (82, _binary 'JOA686', _binary 'Vote white recently record manage focus act wife.', '2024-10-15T13:34:28'),
  (35, _binary 'PAA000', _binary 'Nothing hundred west manager program key maybe put street.', '2024-05-24T21:11:31'),
  (11, _binary 'UDY341', _binary 'Last security happen like month away dark.', '2024-12-20T22:20:12'),
  (22, _binary 'YYR568', _binary 'Account identify exist themselves wall forget high structure campaign too grow among media.', '2024-07-26T20:35:57'),
  (78, _binary 'EEZ194', _binary 'Fund finally live open street.', '2025-08-10T09:20:22'),
  (68, _binary 'AAA000', _binary 'Subject between house key computer career sit final identify section.', '2024-07-25T07:12:13'),
  (99, _binary 'AAA000', _binary 'Above wear practice manage prepare remember care.', '2025-08-23T07:50:40'),
  (78, _binary 'WEK598', _binary 'Federal account dream safe with social result teach in pretty.', '2024-08-28T02:59:47'),
  (59, _binary 'JAA000', _binary 'More while oil job pick show front beat look support for somebody.', '2023-01-07T12:04:14'),
  (21, _binary 'DZF549', _binary 'Word hot government produce there industry yard.', '2024-03-26T07:19:20'),
  (99, _binary 'BND470', _binary 'There continue either pay late those everything.', '2023-10-29T23:45:16'),
  (98, _binary 'ARZ860', _binary 'Very our news according good race write.', '2025-03-24T15:24:00'),
  (61, _binary 'XWG797', _binary 'Any system decision crime scene pressure family move southern himself ball.', '2023-04-24T08:29:32'),
  (32, _binary 'YYR568', _binary 'Push art able success professional focus enough different.', '2023-07-31T05:53:44'),
  (16, _binary 'JNZ633', _binary 'Social face no box.', '2023-02-22T18:32:21'),
  (43, _binary 'AAA000', _binary 'Simply security age value morning town.', '2024-01-22T20:15:03'),
  (45, _binary 'AAA000', _binary 'Boy significant audience family first every them whatever.', '2023-05-22T14:29:39'),
  (25, _binary 'WAA000', _binary 'Success game travel sister first later eat home early remain wind reality worker several.', '2025-07-13T00:54:21'),
  (86, _binary 'AAA000', _binary 'Attention wide Republican standard little meeting financial lot crime today year require.', '2024-03-19T06:27:57'),
  (77, _binary 'YBZ320', _binary 'Information follow operation often wrong.', '2024-01-15T08:17:27'),
  (86, _binary 'TLX721', _binary 'Share paper spring plan cup poor order million issue population.', '2025-02-05T01:33:16'),
  (92, _binary 'JAA000', _binary 'Condition special area participant box other explain sell foot face place color discussion money father put.', '2025-03-23T06:44:57'),
  (52, _binary 'KEF076', _binary 'First always trade bill of happen relate value administration power.', '2025-02-24T05:58:48'),
  (11, _binary 'KEF076', _binary 'Chance will beautiful most state training trip behavior.', '2023-09-01T09:36:58'),
  (20, _binary 'ZDL442', _binary 'Customer cut moment however note time wrong air agent.', '2024-02-28T10:29:43'),
  (63, _binary 'WEK598', _binary 'Dog sport fly education opportunity far dream.', '2024-08-15T11:53:52'),
  (70, _binary 'SDL076', _binary 'Imagine food seven practice them score red character billion popular sort above visit east news.', '2024-02-03T10:19:34'),
  (65, _binary 'QGK900', _binary 'Read personal clearly identify few performance break assume church already expert.', '2024-05-22T12:36:17'),
  (56, _binary 'AZD699', _binary 'Six carry rock between many bring security rock too year.', '2025-08-13T16:18:20'),
  (64, _binary 'XHR657', _binary 'Few amount tax husband issue ever hot second wind.', '2024-05-25T09:38:21'),
  (90, _binary 'AZD699', _binary 'My under baby field thing upon win customer.', '2023-10-24T21:52:45'),
  (77, _binary 'QTN778', _binary 'Republican own start at but might sit investment everyone.', '2025-01-22T08:23:53'),
  (13, _binary 'SSZ287', _binary 'Save story effect audience left build fire.', '2025-10-05T18:41:29'),
  (58, _binary 'DZF549', _binary 'Easy add true painting research military start economic put now budget else fact much.', '2023-02-26T00:16:44'),
  (14, _binary 'KEF076', _binary 'Learn fire indeed main.', '2025-05-12T21:12:08'),
  (31, _binary 'NYT358', _binary 'Clearly usually might huge indeed real like indeed ever off learn provide quickly.', '2023-03-26T21:49:26'),
  (53, _binary 'WAA000', _binary 'Live mean leave firm onto push common hospital.', '2023-12-09T21:40:20'),
  (49, _binary 'DZN842', _binary 'Learn foot final final may they catch say our author kind certainly.', '2024-04-15T15:18:28'),
  (34, _binary 'UDY341', _binary 'Rich majority police the left hit.', '2025-05-20T00:40:22'),
  (94, _binary 'XHR657', _binary 'Baby field move then democratic option news party a by some.', '2024-11-17T04:41:14'),
  (99, _binary 'WEK598', _binary 'Training individual vote little democratic visit watch serve often play share radio science.', '2025-05-01T18:28:00'),
  (38, _binary 'JOA686', _binary 'War nation action hit either.', '2024-01-01T16:02:40'),
  (10, _binary 'AZD699', _binary 'Structure husband speech television least.', '2024-02-12T06:14:57'),
  (9, _binary 'RZN008', _binary 'Produce research interesting information according bad until feeling pay.', '2024-12-15T20:07:51'),
  (68, _binary 'DZF549', _binary 'Lawyer describe opportunity hotel hard news.', '2024-10-12T23:25:21'),
  (67, _binary 'JOA686', _binary 'Into light their out tax.', '2025-06-07T08:43:59'),
  (96, _binary 'WAA000', _binary 'Hand hold establish dark choose behavior human.', '2024-04-22T02:37:13'),
  (31, _binary 'PJM197', _binary 'Case draw oil suggest.', '2025-11-29T16:02:03'),
  (57, _binary 'TLX721', _binary 'Foreign cell exactly everything.', '2023-06-20T07:46:01'),
  (71, _binary 'UTX640', _binary 'Remain property decade way magazine sound.', '2024-12-25T08:57:45'),
  (1, _binary 'ZUP320', _binary 'Its probably ground charge fear instead lay statement sometimes simply.', '2025-08-27T06:55:23'),
  (98, _binary 'JNZ633', _binary 'Know our parent usually dog throughout western.', '2024-07-05T20:37:47');

INSERT INTO `Submission` (`studentId`, `courseId`, `title`, `submittedAt`) VALUES
  (60, _binary 'SDL076', _binary 'Might score stuff could threat century police.', '2024-09-13T11:28:22'),
  (77, _binary 'SSZ287', _binary 'Entire worker yet age how citizen cultural agree property.', '2024-06-12T14:43:39'),
  (15, _binary 'ZDL442', _binary 'Go play us picture seem stay heavy drug.', '2024-06-30T14:01:33'),
  (74, _binary 'XHR657', _binary 'Official rest any also she from five table even improve.', '2023-08-25T22:19:32'),
  (29, _binary 'SXN488', _binary 'Camera those attack member writer owner want.', '2025-06-22T11:05:00'),
  (67, _binary 'WEK598', _binary 'Chair little long doctor want among worker campaign enjoy.', '2024-11-13T03:37:05'),
  (17, _binary 'YYR568', _binary 'Tonight everything deal.', '2023-10-20T16:08:26'),
  (35, _binary 'QTN778', _binary 'Alone air study full foreign official.', '2023-06-21T16:02:38'),
  (3, _binary 'EEZ194', _binary 'Car vote fall fear.', '2025-07-07T03:18:10'),
  (91, _binary 'NYT358', _binary 'Investment nice heavy special herself agree both tough staff skin.', '2025-02-01T17:37:25'),
  (39, _binary 'ZTA230', _binary 'Important paper whatever benefit fall new hit adult concern cell present.', '2024-01-30T03:50:03'),
  (79, _binary 'YZP495', _binary 'Expect organization town door national teach space here represent human how us.', '2025-05-07T20:09:16'),
  (3, _binary 'URZ029', _binary 'Think watch north third music pay work newspaper notice natural.', '2025-12-03T01:53:26'),
  (24, _binary 'QTN778', _binary 'Attorney which program knowledge face hospital much action decision source seat.', '2023-09-21T04:34:49'),
  (29, _binary 'XAA000', _binary 'Task professor plan sometimes Mr another situation ever friend among relate.', '2024-06-18T13:06:26'),
  (27, _binary 'URZ029', _binary 'People student morning value head administration.', '2024-09-08T09:27:58'),
  (97, _binary 'RZN008', _binary 'Difficult truth senior young have area.', '2025-01-03T12:27:52'),
  (39, _binary 'UTX640', _binary 'Best manage west policy a customer.', '2023-07-14T00:13:19'),
  (62, _binary 'WFP417', _binary 'They even arm rich determine bad type modern able easy her day.', '2023-01-16T18:08:39'),
  (81, _binary 'SDL076', _binary 'Medical edge before thus rise whatever guess tell administration.', '2023-07-08T05:22:23'),
  (74, _binary 'AZD699', _binary 'Against store him phone and level better property interest finish including impact.', '2023-12-10T08:45:29'),
  (45, _binary 'ZTA230', _binary 'Fine real wide task card make health free like more stop any Mrs join woman road.', '2024-04-03T21:33:08'),
  (83, _binary 'NYT358', _binary 'Sell walk population say her industry somebody think take PM former price real.', '2025-08-28T02:14:28'),
  (31, _binary 'UDY341', _binary 'Second fall huge brother decade soon interview cold night.', '2025-10-13T13:46:20'),
  (38, _binary 'ZTA230', _binary 'Let likely identify plant almost tend seven reflect.', '2024-06-26T17:59:58'),
  (54, _binary 'JNZ633', _binary 'Six north issue drop director behavior compare if happen part.', '2023-02-28T11:02:55'),
  (97, _binary 'ZDL442', _binary 'Ready organization agency choose class customer animal long third to upon.', '2025-03-26T14:38:55'),
  (84, _binary 'SXN488', _binary 'Discussion wife artist participant beat loss alone edge.', '2023-06-03T19:07:22'),
  (40, _binary 'YYR568', _binary 'Later eight land structure activity imagine rise become staff.', '2025-08-03T05:48:18'),
  (38, _binary 'JOA686', _binary 'Bit few quality partner hand image read statement above later name.', '2023-03-04T04:09:49'),
  (88, _binary 'XHR657', _binary 'Field wide simple carry strategy live occur green parent.', '2024-11-02T20:34:22'),
  (27, _binary 'WAA000', _binary 'Woman character music drug would eight goal partner team industry result American though.', '2023-07-17T17:38:29'),
  (22, _binary 'JOA686', _binary 'Coach fall treatment bag year level theory what by another.', '2023-12-21T10:13:51'),
  (4, _binary 'SSZ287', _binary 'Speak southern yourself hit quite authority throughout word discuss continue.', '2023-06-24T21:08:47'),
  (44, _binary 'SSZ287', _binary 'Suddenly accept somebody key bank break billion.', '2023-02-05T09:19:11'),
  (77, _binary 'WFP417', _binary 'And people arm later land investment present increase tax fall.', '2023-11-02T08:48:45'),
  (6, _binary 'XHR657', _binary 'Station thank also the trouble choose.', '2023-02-28T05:57:54'),
  (79, _binary 'WAA000', _binary 'Arrive practice mouth lot rather answer during indeed record whether evidence indeed cost.', '2025-04-17T04:17:48'),
  (11, _binary 'ZCZ076', _binary 'Add politics public your agent.', '2025-09-21T23:44:12'),
  (4, _binary 'XHR657', _binary 'Long require fight ability final national measure.', '2025-08-28T02:49:07'),
  (45, _binary 'TLX721', _binary 'Lay page same begin art message series.', '2024-04-25T18:36:31'),
  (52, _binary 'BND470', _binary 'Network answer American Congress create.', '2025-12-05T19:32:25'),
  (65, _binary 'YZP495', _binary 'Soldier really fine gas ball worry look.', '2025-08-04T06:28:01'),
  (94, _binary 'BND470', _binary 'Area energy discuss commercial into American benefit national eight you sign mention.', '2025-10-13T21:06:10'),
  (93, _binary 'DZN842', _binary 'Building myself technology manage beautiful.', '2024-01-18T10:23:51'),
  (4, _binary 'AZD699', _binary 'Around watch read environmental environment indicate.', '2024-10-20T17:26:06'),
  (34, _binary 'SXN488', _binary 'Sometimes worker guy that include late indeed travel important account society forget.', '2023-09-18T20:33:35'),
  (23, _binary 'ZTA230', _binary 'Often impact radio since business.', '2023-01-21T21:20:00'),
  (4, _binary 'ZUP320', _binary 'Book car education future oil administration Republican send from cause control.', '2023-05-12T18:13:29'),
  (70, _binary 'ZCZ076', _binary 'Window together present them any like.', '2023-11-10T02:28:59'),
  (24, _binary 'RZN008', _binary 'Election medical difficult interesting institution south order sit arrive.', '2025-09-18T10:28:06'),
  (75, _binary 'ZDL442', _binary 'Task civil treat finish city newspaper subject few economy best north.', '2023-10-24T11:23:05'),
  (43, _binary 'DZN842', _binary 'Large born on whether step with store small.', '2023-09-25T22:37:36'),
  (2, _binary 'ZTA230', _binary 'Single argue address choice tree send television address will candidate defense its.', '2025-01-27T05:04:35'),
  (77, _binary 'NYT358', _binary 'We choice growth author kitchen purpose various.', '2025-06-14T11:07:02'),
  (93, _binary 'URZ029', _binary 'Already product individual couple pick success around owner.', '2023-02-08T06:56:19'),
  (75, _binary 'NYT358', _binary 'Poor whether such who summer specific election church member customer computer.', '2025-10-26T06:36:15'),
  (95, _binary 'DZF549', _binary 'General green surface career yes no site see TV trade establish.', '2025-12-17T10:22:09'),
  (71, _binary 'JAA000', _binary 'From explain share chair surface store face old.', '2024-01-20T19:36:39'),
  (24, _binary 'XAA000', _binary 'Support class attack law treat.', '2024-10-30T09:11:50'),
  (33, _binary 'ARZ860', _binary 'Reality food according west hospital nature throughout.', '2025-10-21T17:19:47'),
  (52, _binary 'JAA000', _binary 'On college probably deal method my perform term old power.', '2023-09-06T23:18:49'),
  (89, _binary 'XAA000', _binary 'Sound eye later most white modern with late father.', '2025-10-29T11:54:29'),
  (46, _binary 'ZUP320', _binary 'Partner toward him step between entire particular.', '2024-08-14T13:10:50'),
  (48, _binary 'KEF076', _binary 'Tonight statement say recently from unit see enough world provide student house production.', '2024-08-22T14:41:51'),
  (42, _binary 'XWG797', _binary 'Term again agent everybody enter small worker.', '2024-04-17T04:02:36'),
  (75, _binary 'DZF549', _binary 'Necessary meeting financial alone some meeting claim defense.', '2023-05-08T14:47:36'),
  (30, _binary 'KEF076', _binary 'Me policy ahead shoulder everything drive wait include.', '2025-10-16T14:03:24'),
  (32, _binary 'UTX640', _binary 'Again avoid reflect moment mouth hospital together organization order.', '2023-10-18T11:52:20'),
  (34, _binary 'SSZ287', _binary 'Begin create however until seek American offer fish.', '2024-03-17T02:48:35'),
  (2, _binary 'YZP495', _binary 'Wonder society party table decision rock speak require start now pretty.', '2024-08-29T13:42:53'),
  (18, _binary 'EEZ194', _binary 'Ability father election tend child idea it recently.', '2023-01-14T03:58:32'),
  (53, _binary 'AAA000', _binary 'Specific company firm adult there rather couple.', '2025-12-25T23:57:26'),
  (79, _binary 'SSZ287', _binary 'Fear know beyond again apply lay my defense education.', '2024-10-12T13:45:01'),
  (37, _binary 'ZUP320', _binary 'Drive garden budget heart into.', '2025-09-04T17:30:37'),
  (9, _binary 'QTN778', _binary 'Tree sit also order off country nor lawyer identify small face around.', '2025-11-03T12:25:07'),
  (55, _binary 'UDY341', _binary 'Rather crime participant care white threat.', '2024-05-17T11:56:37'),
  (24, _binary 'KEF076', _binary 'My hit health officer way every become everybody else will.', '2023-08-10T21:46:43'),
  (88, _binary 'YYR568', _binary 'Surface imagine design personal response card.', '2024-01-24T01:10:05'),
  (32, _binary 'WAA000', _binary 'Want win next poor marriage.', '2023-02-05T05:42:57'),
  (80, _binary 'XHR657', _binary 'So share close fire talk feel smile act get receive audience audience evening.', '2023-12-20T21:50:43'),
  (47, _binary 'JNZ633', _binary 'Situation own large impact mention create open.', '2025-12-16T07:53:50'),
  (36, _binary 'AAA000', _binary 'Baby mention walk movie table voice media vote.', '2023-11-28T16:32:08'),
  (53, _binary 'PAA000', _binary 'Author social else allow end respond hospital future clearly.', '2023-07-25T11:20:27'),
  (69, _binary 'QGK900', _binary 'Least firm item chair pattern heavy discover yes.', '2025-07-03T02:49:11'),
  (23, _binary 'QGK900', _binary 'Along through possible break.', '2024-12-26T10:23:04'),
  (25, _binary 'ARZ860', _binary 'Picture analysis player economy pass ground production least expect official TV decade.', '2025-05-09T22:29:20'),
  (95, _binary 'ZDL442', _binary 'Low especially anything including task level be gun.', '2023-08-31T03:34:10'),
  (47, _binary 'NYT358', _binary 'Bar few suddenly century set job man.', '2025-04-27T19:27:46'),
  (62, _binary 'ZDL442', _binary 'Science tough full enter reality main bed face top stay.', '2025-01-13T11:21:23'),
  (48, _binary 'SSZ287', _binary 'North property ahead cause light see.', '2025-11-26T11:04:04'),
  (67, _binary 'JNZ633', _binary 'Money win wide animal.', '2024-02-05T15:36:57'),
  (23, _binary 'DZF549', _binary 'Author method doctor style a form religious region she defense.', '2024-06-24T15:01:54'),
  (83, _binary 'KEF076', _binary 'Subject action arm future from high where.', '2025-10-21T05:33:11'),
  (46, _binary 'BND470', _binary 'Character kid him outside simply about blood according population set peace crime attorney big.', '2023-09-27T02:33:49'),
  (70, _binary 'DCO642', _binary 'Hold impact need surface.', '2024-03-10T08:50:57'),
  (40, _binary 'YZP495', _binary 'Message box little smile work you upon.', '2025-07-31T04:47:33'),
  (33, _binary 'RZN008', _binary 'By soon case society.', '2025-06-03T20:40:45'),
  (21, _binary 'PJM197', _binary 'Beat industry how strong wish region operation approach.', '2024-05-23T13:01:30'),
  (33, _binary 'ZTA230', _binary 'Wear music agent stage can guy.', '2023-08-08T07:49:07');

INSERT INTO `Enrollment` (`studentId`, `scheduleId`, `grade`) VALUES
  (68, 48, _binary 'Incomplete'),
  (38, 45, _binary 'A'),
  (58, 45, _binary 'Incomplete'),
  (3, 47, _binary 'F'),
  (91, 31, _binary 'B'),
  (85, 16, _binary 'Withdrawn'),
  (82, 34, _binary 'F'),
  (9, 11, _binary 'Withdrawn'),
  (29, 41, _binary 'D'),
  (50, 19, _binary 'Incomplete'),
  (90, 8, _binary 'D'),
  (100, 36, _binary 'C'),
  (35, 22, _binary 'F'),
  (61, 3, _binary 'Incomplete'),
  (86, 12, _binary 'Incomplete'),
  (49, 30, _binary 'A'),
  (27, 8, _binary 'A'),
  (15, 21, _binary 'C'),
  (16, 37, _binary 'C'),
  (31, 19, _binary 'C'),
  (87, 15, _binary 'F'),
  (39, 31, _binary 'Incomplete'),
  (26, 35, _binary 'Incomplete'),
  (98, 2, _binary 'A'),
  (63, 32, _binary 'Withdrawn'),
  (18, 5, _binary 'C'),
  (12, 3, _binary 'C'),
  (40, 18, _binary 'F'),
  (92, 2, _binary 'B'),
  (65, 46, _binary 'Incomplete'),
  (45, 45, _binary 'A'),
  (74, 43, _binary 'F'),
  (49, 26, _binary 'C'),
  (87, 27, _binary 'B'),
  (19, 32, _binary 'D'),
  (85, 22, _binary 'F'),
  (43, 6, _binary 'A'),
  (75, 1, _binary 'B'),
  (8, 1, _binary 'F'),
  (60, 15, _binary 'B'),
  (35, 12, _binary 'B'),
  (41, 3, _binary 'F'),
  (84, 32, _binary 'Withdrawn'),
  (68, 36, _binary 'D'),
  (95, 42, _binary 'A'),
  (19, 23, _binary 'A'),
  (55, 32, _binary 'C'),
  (90, 16, _binary 'C'),
  (7, 7, _binary 'Withdrawn'),
  (78, 32, _binary 'Incomplete'),
  (60, 27, _binary 'F'),
  (67, 7, _binary 'A'),
  (68, 43, _binary 'Withdrawn'),
  (47, 29, _binary 'C'),
  (84, 3, _binary 'F'),
  (29, 35, _binary 'C'),
  (89, 7, _binary 'A'),
  (14, 15, _binary 'A'),
  (69, 25, _binary 'D'),
  (93, 30, _binary 'B'),
  (51, 47, _binary 'A'),
  (56, 26, _binary 'Withdrawn'),
  (25, 38, _binary 'B'),
  (59, 4, _binary 'Withdrawn'),
  (17, 23, _binary 'D'),
  (51, 15, _binary 'A'),
  (50, 7, _binary 'C'),
  (64, 12, _binary 'F'),
  (30, 38, _binary 'D'),
  (55, 27, _binary 'F'),
  (88, 43, _binary 'Withdrawn'),
  (81, 35, _binary 'Incomplete'),
  (54, 46, _binary 'D'),
  (38, 37, _binary 'D'),
  (33, 13, _binary 'Incomplete'),
  (89, 7, _binary 'B'),
  (38, 23, _binary 'B'),
  (83, 38, _binary 'B'),
  (2, 4, _binary 'C'),
  (24, 47, _binary 'Incomplete'),
  (91, 44, _binary 'Withdrawn'),
  (87, 32, _binary 'B'),
  (85, 38, _binary 'C'),
  (57, 14, _binary 'C'),
  (39, 35, _binary 'C'),
  (92, 49, _binary 'B'),
  (97, 5, _binary 'B'),
  (20, 25, _binary 'C'),
  (71, 44, _binary 'Withdrawn'),
  (59, 43, _binary 'C'),
  (23, 2, _binary 'C'),
  (73, 36, _binary 'F'),
  (82, 5, _binary 'Withdrawn'),
  (56, 8, _binary 'Incomplete'),
  (47, 2, _binary 'A'),
  (86, 25, _binary 'F'),
  (18, 42, _binary 'Withdrawn'),
  (91, 29, _binary 'C'),
  (65, 27, _binary 'C'),
  (21, 23, _binary 'C');

INSERT INTO `Enrollment` (`studentId`, `scheduleId`, `grade`) VALUES
  (7, 1, _binary 'Incomplete'),
  (17, 36, _binary 'C'),
  (66, 4, _binary 'F'),
  (99, 10, _binary 'B'),
  (57, 13, _binary 'A'),
  (15, 43, _binary 'Withdrawn'),
  (96, 33, _binary 'F'),
  (79, 27, _binary 'Incomplete'),
  (71, 3, _binary 'B'),
  (22, 7, _binary 'C'),
  (98, 7, _binary 'Incomplete'),
  (73, 7, _binary 'A'),
  (62, 33, _binary 'D'),
  (26, 34, _binary 'F'),
  (61, 3, _binary 'D'),
  (28, 10, _binary 'A'),
  (30, 38, _binary 'A'),
  (45, 35, _binary 'B'),
  (40, 10, _binary 'F'),
  (65, 46, _binary 'D'),
  (4, 37, _binary 'Withdrawn'),
  (4, 12, _binary 'D'),
  (69, 30, _binary 'A'),
  (25, 47, _binary 'A'),
  (10, 37, _binary 'B'),
  (1, 27, _binary 'F'),
  (7, 47, _binary 'B'),
  (20, 4, _binary 'D'),
  (36, 13, _binary 'A'),
  (53, 31, _binary 'Incomplete'),
  (62, 41, _binary 'D'),
  (49, 18, _binary 'Incomplete'),
  (83, 24, _binary 'D'),
  (75, 46, _binary 'Incomplete'),
  (37, 43, _binary 'C'),
  (22, 4, _binary 'A'),
  (72, 13, _binary 'Withdrawn'),
  (69, 24, _binary 'Incomplete'),
  (64, 8, _binary 'B'),
  (6, 50, _binary 'B'),
  (41, 20, _binary 'D'),
  (72, 29, _binary 'Withdrawn'),
  (8, 7, _binary 'Withdrawn'),
  (26, 33, _binary 'C'),
  (88, 13, _binary 'F'),
  (74, 31, _binary 'D'),
  (98, 5, _binary 'B'),
  (34, 28, _binary 'A'),
  (5, 40, _binary 'C'),
  (13, 26, _binary 'F'),
  (6, 20, _binary 'D'),
  (67, 42, _binary 'Withdrawn'),
  (81, 5, _binary 'F'),
  (80, 26, _binary 'Incomplete'),
  (40, 44, _binary 'Withdrawn'),
  (22, 35, _binary 'F'),
  (50, 13, _binary 'Withdrawn'),
  (95, 1, _binary 'B'),
  (10, 46, _binary 'A'),
  (30, 6, _binary 'D'),
  (81, 24, _binary 'Incomplete'),
  (52, 24, _binary 'C'),
  (99, 25, _binary 'D'),
  (97, 46, _binary 'F'),
  (5, 10, _binary 'D'),
  (1, 43, _binary 'Withdrawn'),
  (51, 29, _binary 'Withdrawn'),
  (37, 21, _binary 'Incomplete'),
  (82, 37, _binary 'A'),
  (13, 37, _binary 'C'),
  (73, 34, _binary 'Withdrawn'),
  (4, 47, _binary 'D'),
  (75, 22, _binary 'D'),
  (83, 22, _binary 'Withdrawn'),
  (28, 25, _binary 'C'),
  (13, 36, _binary 'Withdrawn'),
  (79, 38, _binary 'B'),
  (42, 42, _binary 'Incomplete'),
  (54, 47, _binary 'Withdrawn'),
  (77, 30, _binary 'A'),
  (45, 45, _binary 'D'),
  (9, 27, _binary 'C'),
  (9, 26, _binary 'Incomplete'),
  (47, 19, _binary 'Incomplete'),
  (63, 12, _binary 'B'),
  (64, 7, _binary 'B'),
  (70, 37, _binary 'Incomplete'),
  (60, 45, _binary 'C'),
  (100, 21, _binary 'Incomplete'),
  (39, 8, _binary 'D'),
  (99, 31, _binary 'B'),
  (43, 7, _binary 'Incomplete'),
  (12, 5, _binary 'C'),
  (42, 12, _binary 'Incomplete'),
  (44, 18, _binary 'F'),
  (5, 40, _binary 'Withdrawn'),
  (58, 3, _binary 'B'),
  (36, 20, _binary 'F'),
  (55, 42, _binary 'Withdrawn'),
  (61, 42, _binary 'Incomplete');

INSERT INTO `Enrollment` (`studentId`, `scheduleId`, `grade`) VALUES
  (48, 7, _binary 'B'),
  (77, 45, _binary 'A'),
  (20, 17, _binary 'Incomplete'),
  (53, 47, _binary 'B'),
  (18, 1, _binary 'A'),
  (56, 42, _binary 'C'),
  (34, 40, _binary 'A'),
  (19, 1, _binary 'D'),
  (90, 42, _binary 'B'),
  (70, 32, _binary 'B'),
  (6, 48, _binary 'Withdrawn'),
  (70, 17, _binary 'B'),
  (96, 50, _binary 'C'),
  (36, 50, _binary 'D'),
  (80, 5, _binary 'F'),
  (57, 10, _binary 'B'),
  (27, 3, _binary 'A'),
  (2, 46, _binary 'C'),
  (76, 28, _binary 'B'),
  (44, 39, _binary 'Withdrawn'),
  (33, 42, _binary 'A'),
  (44, 50, _binary 'C'),
  (78, 36, _binary 'B'),
  (21, 34, _binary 'D'),
  (24, 44, _binary 'F'),
  (77, 8, _binary 'Withdrawn'),
  (86, 33, _binary 'B'),
  (100, 29, _binary 'D'),
  (25, 34, _binary 'A'),
  (96, 44, _binary 'C'),
  (78, 32, _binary 'F'),
  (46, 7, _binary 'Withdrawn'),
  (11, 9, _binary 'Withdrawn'),
  (48, 10, _binary 'Withdrawn'),
  (31, 19, _binary 'F'),
  (31, 48, _binary 'F'),
  (3, 19, _binary 'C'),
  (37, 42, _binary 'C'),
  (11, 13, _binary 'F'),
  (79, 22, _binary 'F'),
  (95, 13, _binary 'Incomplete'),
  (29, 11, _binary 'D'),
  (76, 21, _binary 'C'),
  (93, 47, _binary 'A'),
  (16, 9, _binary 'Withdrawn'),
  (27, 23, _binary 'Incomplete'),
  (35, 37, _binary 'D'),
  (2, 47, _binary 'Withdrawn'),
  (67, 45, _binary 'C'),
  (72, 34, _binary 'Withdrawn'),
  (89, 32, _binary 'D'),
  (80, 46, _binary 'C'),
  (32, 16, _binary 'D'),
  (52, 33, _binary 'F'),
  (17, 15, _binary 'A'),
  (43, 26, _binary 'C'),
  (11, 47, _binary 'Withdrawn'),
  (24, 40, _binary 'C'),
  (10, 1, _binary 'B'),
  (3, 46, _binary 'B'),
  (59, 28, _binary 'C'),
  (34, 43, _binary 'B'),
  (33, 45, _binary 'A'),
  (84, 7, _binary 'Incomplete'),
  (1, 26, _binary 'D'),
  (58, 7, _binary 'Incomplete'),
  (71, 6, _binary 'C'),
  (46, 35, _binary 'A'),
  (42, 15, _binary 'C'),
  (92, 19, _binary 'Incomplete'),
  (94, 38, _binary 'A'),
  (48, 8, _binary 'D'),
  (66, 22, _binary 'Withdrawn'),
  (54, 40, _binary 'C'),
  (53, 16, _binary 'Withdrawn'),
  (23, 26, _binary 'Withdrawn'),
  (28, 29, _binary 'C'),
  (94, 36, _binary 'C'),
  (66, 44, _binary 'C'),
  (88, 25, _binary 'Withdrawn'),
  (21, 22, _binary 'Withdrawn'),
  (93, 26, _binary 'Incomplete'),
  (32, 8, _binary 'D'),
  (97, 47, _binary 'A'),
  (23, 5, _binary 'D'),
  (8, 35, _binary 'C'),
  (62, 14, _binary 'F'),
  (46, 23, _binary 'F'),
  (52, 20, _binary 'Withdrawn'),
  (12, 35, _binary 'Withdrawn'),
  (14, 21, _binary 'B'),
  (94, 2, _binary 'B'),
  (15, 32, _binary 'Incomplete'),
  (76, 47, _binary 'Incomplete'),
  (14, 43, _binary 'D'),
  (32, 21, _binary 'C'),
  (41, 24, _binary 'F'),
  (74, 19, _binary 'B'),
  (16, 40, _binary 'Withdrawn'),
  (63, 41, _binary 'D');
